log_id,shipment_id,container_id,sensor_id,timestamp,temperature_celsius,humidity_percent,location_latitude,location_longitude,location_description,alarm_triggered,alarm_type,operator_id,remarks
1,SHIP_2,CONT_4,SENSOR_1,2025-12-19 12:37:00,4.34,37.0,28.79639,-162.00197,Warehouse,FALSE,,OP_8,
2,SHIP_3,CONT_5,SENSOR_1,2025-12-19 12:42:00,4.29,37.2,-21.02127,41.27807,Warehouse,FALSE,,OP_9,
3,SHIP_4,CONT_3,SENSOR_1,2025-12-19 12:47:00,3.84,42.2,-82.59119,-59.51731,Warehouse,FALSE,,OP_7,
4,SHIP_5,CONT_4,SENSOR_1,2025-12-19 12:52:00,3.86,46.5,-16.93830,168.04573,Warehouse,FALSE,,OP_2,
5,SHIP_1,CONT_5,SENSOR_1,2025-12-19 12:57:00,3.76,43.7,75.86609,-103.01185,Warehouse,FALSE,,OP_7,
6,SHIP_2,CONT_3,SENSOR_1,2025-12-19 13:02:00,4.05,30.3,44.78811,-134.76384,Warehouse,FALSE,,OP_3,
7,SHIP_4,CONT_3,SENSOR_1,2025-12-19 13:07:00,3.73,40.7,5.54617,84.46183,Warehouse,FALSE,,OP_6,
8,SHIP_1,CONT_3,SENSOR_1,2025-12-19 13:12:00,3.85,35.9,47.87736,125.95615,Warehouse,FALSE,,OP_3,
9,SHIP_2,CONT_3,SENSOR_1,2025-12-19 13:17:00,3.82,38.1,66.39533,58.61001,Warehouse,FALSE,,OP_3,
10,SHIP_5,CONT_4,SENSOR_1,2025-12-19 13:22:00,3.97,47.6,-42.33010,-67.27227,Warehouse,FALSE,,OP_6,
11,SHIP_4,CONT_1,SENSOR_1,2025-12-19 13:27:00,4.09,37.2,-63.18047,-27.72815,Warehouse,FALSE,,OP_8,
12,SHIP_4,CONT_4,SENSOR_1,2025-12-19 13:32:00,4.14,37.7,53.61624,-119.60815,Warehouse,FALSE,,OP_3,
13,SHIP_5,CONT_1,SENSOR_1,2025-12-19 13:37:00,3.92,49.9,13.87034,65.12235,Warehouse,FALSE,,OP_1,
14,SHIP_5,CONT_5,SENSOR_1,2025-12-19 13:42:00,4.07,39.7,-45.76667,-61.96548,Warehouse,FALSE,,OP_7,
15,SHIP_2,CONT_2,SENSOR_1,2025-12-19 13:47:00,3.77,36.9,-74.35732,-52.81606,Warehouse,FALSE,,OP_9,
16,SHIP_2,CONT_4,SENSOR_1,2025-12-19 13:52:00,4.10,43.0,-58.94458,82.32741,Warehouse,FALSE,,OP_8,
17,SHIP_1,CONT_2,SENSOR_1,2025-12-19 13:57:00,4.10,37.6,52.76516,-38.06033,Warehouse,FALSE,,OP_10,
18,SHIP_1,CONT_4,SENSOR_1,2025-12-19 14:02:00,4.11,35.1,78.40591,-118.61195,Warehouse,FALSE,,OP_4,
19,SHIP_2,CONT_3,SENSOR_1,2025-12-19 14:07:00,4.05,44.2,19.88148,87.46190,Warehouse,FALSE,,OP_9,
20,SHIP_2,CONT_2,SENSOR_1,2025-12-19 14:12:00,3.72,47.2,63.90908,-92.48923,Warehouse,FALSE,,OP_6,
21,SHIP_2,CONT_1,SENSOR_1,2025-12-19 14:17:00,4.01,31.9,21.26400,19.07745,Warehouse,FALSE,,OP_10,
22,SHIP_4,CONT_2,SENSOR_1,2025-12-19 14:22:00,3.94,46.7,33.44860,154.41619,Warehouse,FALSE,,OP_2,
23,SHIP_2,CONT_2,SENSOR_1,2025-12-19 14:27:00,4.02,41.3,-38.28079,153.86816,Warehouse,FALSE,,OP_5,
24,SHIP_1,CONT_2,SENSOR_1,2025-12-19 14:32:00,3.95,48.5,32.33024,-168.74047,Warehouse,FALSE,,OP_6,
25,SHIP_1,CONT_2,SENSOR_1,2025-12-19 14:37:00,3.98,38.6,32.35902,116.75912,Warehouse,FALSE,,OP_9,
26,SHIP_1,CONT_2,SENSOR_1,2025-12-19 14:42:00,3.64,35.3,-82.92827,47.33171,Warehouse,FALSE,,OP_8,
27,SHIP_4,CONT_4,SENSOR_1,2025-12-19 14:47:00,3.93,38.4,74.32479,-11.51165,Warehouse,FALSE,,OP_3,
28,SHIP_3,CONT_5,SENSOR_1,2025-12-19 14:52:00,4.17,30.7,-74.47042,-35.59143,Warehouse,FALSE,,OP_9,
29,SHIP_3,CONT_3,SENSOR_1,2025-12-19 14:57:00,4.26,43.1,-38.68460,-130.20056,Warehouse,FALSE,,OP_5,
30,SHIP_1,CONT_5,SENSOR_1,2025-12-19 15:02:00,4.25,38.7,-21.82478,-150.29674,Warehouse,FALSE,,OP_3,
31,SHIP_3,CONT_4,SENSOR_1,2025-12-19 15:07:00,4.55,32.1,64.52530,126.31524,Warehouse,FALSE,,OP_1,
32,SHIP_5,CONT_1,SENSOR_1,2025-12-19 15:12:00,4.76,44.0,-81.27478,164.56640,Warehouse,FALSE,,OP_4,
33,SHIP_1,CONT_1,SENSOR_1,2025-12-19 15:17:00,9.23,35.3,-40.87875,-66.63994,Warehouse,FALSE,,OP_5,
34,SHIP_4,CONT_5,SENSOR_1,2025-12-19 15:22:00,8.00,37.0,-43.73380,-104.79066,Warehouse,FALSE,,OP_4,
35,SHIP_5,CONT_5,SENSOR_1,2025-12-19 15:27:00,7.97,31.2,39.55102,-4.12375,Warehouse,FALSE,,OP_5,
36,SHIP_1,CONT_1,SENSOR_1,2025-12-19 15:32:00,7.94,42.3,82.41207,-129.82741,Warehouse,FALSE,,OP_4,
37,SHIP_2,CONT_2,SENSOR_1,2025-12-19 15:37:00,7.81,40.7,-7.56125,-110.00073,Warehouse,FALSE,,OP_3,
38,SHIP_1,CONT_4,SENSOR_1,2025-12-19 15:42:00,7.98,40.5,-60.53190,111.45375,Warehouse,FALSE,,OP_8,
39,SHIP_1,CONT_5,SENSOR_1,2025-12-19 15:47:00,7.84,38.9,63.56801,-26.04473,Warehouse,FALSE,,OP_6,
40,SHIP_5,CONT_4,SENSOR_1,2025-12-19 15:52:00,8.00,45.6,80.25325,-167.17730,Warehouse,FALSE,,OP_10,
41,SHIP_1,CONT_3,SENSOR_1,2025-12-19 15:57:00,7.82,43.5,31.66984,-179.49961,Warehouse,FALSE,,OP_8,
42,SHIP_2,CONT_4,SENSOR_1,2025-12-19 16:02:00,8.00,40.4,1.69878,-131.73527,Warehouse,FALSE,,OP_4,
43,SHIP_4,CONT_1,SENSOR_1,2025-12-19 16:07:00,8.00,44.8,78.71825,120.16835,Warehouse,FALSE,,OP_10,
44,SHIP_3,CONT_5,SENSOR_1,2025-12-19 16:12:00,7.97,48.1,-8.76700,135.86720,Warehouse,FALSE,,OP_4,
45,SHIP_3,CONT_5,SENSOR_1,2025-12-19 16:17:00,7.84,33.6,-78.03156,-50.22838,Warehouse,FALSE,,OP_10,
46,SHIP_1,CONT_4,SENSOR_1,2025-12-19 16:22:00,8.00,43.6,-74.79454,67.69567,Warehouse,FALSE,,OP_4,
47,SHIP_5,CONT_5,SENSOR_1,2025-12-19 16:27:00,8.00,39.9,44.32338,-28.32573,Warehouse,FALSE,,OP_9,
48,SHIP_2,CONT_4,SENSOR_1,2025-12-19 16:32:00,7.88,49.5,21.47791,97.60964,Warehouse,FALSE,,OP_9,
49,SHIP_2,CONT_2,SENSOR_1,2025-12-19 16:37:00,7.71,45.6,38.85660,125.41429,Warehouse,FALSE,,OP_3,
50,SHIP_2,CONT_4,SENSOR_1,2025-12-19 16:42:00,7.75,35.8,9.53072,-38.30570,Warehouse,FALSE,,OP_10,
51,SHIP_3,CONT_5,SENSOR_1,2025-12-19 16:47:00,7.52,38.1,-28.49969,56.02072,Warehouse,FALSE,,OP_3,
52,SHIP_3,CONT_4,SENSOR_1,2025-12-19 16:52:00,7.52,46.1,16.13219,-138.50558,Warehouse,FALSE,,OP_7,
53,SHIP_1,CONT_2,SENSOR_1,2025-12-19 16:57:00,7.55,41.7,-17.21353,-98.38447,Warehouse,FALSE,,OP_6,
54,SHIP_5,CONT_5,SENSOR_1,2025-12-19 17:02:00,7.40,46.2,-62.72486,71.22215,Warehouse,FALSE,,OP_3,
55,SHIP_3,CONT_4,SENSOR_1,2025-12-19 17:07:00,7.11,37.5,46.93378,-38.02557,Warehouse,FALSE,,OP_5,
56,SHIP_2,CONT_4,SENSOR_1,2025-12-19 17:12:00,7.12,36.6,-64.38580,33.91270,Warehouse,FALSE,,OP_3,
57,SHIP_4,CONT_5,SENSOR_1,2025-12-19 17:17:00,7.22,40.2,-49.07183,-19.77220,Warehouse,FALSE,,OP_7,
58,SHIP_1,CONT_3,SENSOR_1,2025-12-19 17:22:00,7.05,40.7,-37.28865,36.69780,Warehouse,FALSE,,OP_6,
59,SHIP_4,CONT_2,SENSOR_1,2025-12-19 17:27:00,6.57,49.0,70.21097,77.28741,Warehouse,FALSE,,OP_7,
60,SHIP_5,CONT_1,SENSOR_1,2025-12-19 17:32:00,6.18,40.2,28.95010,-78.45050,Warehouse,FALSE,,OP_1,
61,SHIP_1,CONT_5,SENSOR_1,2025-12-19 17:37:00,6.22,36.0,25.96980,132.14927,Warehouse,FALSE,,OP_8,
62,SHIP_4,CONT_2,SENSOR_1,2025-12-19 17:42:00,6.48,47.0,-64.71134,137.38084,Warehouse,FALSE,,OP_5,
63,SHIP_2,CONT_4,SENSOR_1,2025-12-19 17:47:00,6.47,41.0,25.02489,25.82879,Warehouse,FALSE,,OP_2,
64,SHIP_1,CONT_2,SENSOR_1,2025-12-19 17:52:00,6.49,49.4,8.17092,12.49471,Warehouse,FALSE,,OP_5,
65,SHIP_4,CONT_1,SENSOR_1,2025-12-19 17:57:00,6.18,30.1,-47.27870,115.76263,Warehouse,FALSE,,OP_3,
66,SHIP_2,CONT_5,SENSOR_1,2025-12-19 18:02:00,9.54,48.7,51.27201,-32.47231,Warehouse,FALSE,,OP_6,
67,SHIP_5,CONT_3,SENSOR_1,2025-12-19 18:07:00,11.16,36.5,81.68612,137.72371,Warehouse,FALSE,,OP_4,
68,SHIP_4,CONT_5,SENSOR_1,2025-12-19 18:12:00,8.00,32.7,9.72282,-0.87976,Warehouse,FALSE,,OP_10,
69,SHIP_1,CONT_4,SENSOR_1,2025-12-19 18:17:00,7.83,37.5,-20.78216,-134.48617,Warehouse,FALSE,,OP_7,
70,SHIP_4,CONT_1,SENSOR_1,2025-12-19 18:22:00,8.00,49.9,52.86519,-33.68675,Warehouse,FALSE,,OP_4,
71,SHIP_4,CONT_2,SENSOR_1,2025-12-19 18:27:00,7.79,35.0,64.35950,84.32671,Warehouse,FALSE,,OP_4,
72,SHIP_3,CONT_5,SENSOR_1,2025-12-19 18:32:00,7.86,32.6,53.42920,-139.74894,Warehouse,FALSE,,OP_3,
73,SHIP_1,CONT_4,SENSOR_1,2025-12-19 18:37:00,8.00,38.3,31.53547,146.51677,Warehouse,FALSE,,OP_10,
74,SHIP_1,CONT_5,SENSOR_1,2025-12-19 18:42:00,8.00,44.4,8.04167,43.50957,Warehouse,FALSE,,OP_5,
75,SHIP_5,CONT_3,SENSOR_1,2025-12-19 18:47:00,7.98,41.8,75.49680,112.57135,Warehouse,FALSE,,OP_5,
76,SHIP_1,CONT_1,SENSOR_1,2025-12-19 18:52:00,7.67,47.8,-74.17275,-43.73751,Warehouse,FALSE,,OP_5,
77,SHIP_2,CONT_5,SENSOR_1,2025-12-19 18:57:00,7.65,34.2,-86.50740,-176.55102,Warehouse,FALSE,,OP_7,
78,SHIP_5,CONT_3,SENSOR_1,2025-12-19 19:02:00,7.95,39.1,8.21020,-149.58589,Warehouse,FALSE,,OP_5,
79,SHIP_2,CONT_5,SENSOR_1,2025-12-19 19:07:00,7.88,35.8,-22.61396,4.74375,Warehouse,FALSE,,OP_5,
80,SHIP_5,CONT_3,SENSOR_1,2025-12-19 19:12:00,7.69,43.4,53.80291,124.37829,Warehouse,FALSE,,OP_4,
81,SHIP_1,CONT_5,SENSOR_1,2025-12-19 19:17:00,8.00,45.5,-23.14792,64.63141,Warehouse,FALSE,,OP_9,
82,SHIP_3,CONT_1,SENSOR_1,2025-12-19 19:22:00,8.00,31.6,-31.67982,0.63432,Warehouse,FALSE,,OP_2,
83,SHIP_4,CONT_4,SENSOR_1,2025-12-19 19:27:00,8.00,39.0,-19.82385,-81.08559,Warehouse,FALSE,,OP_4,
84,SHIP_1,CONT_2,SENSOR_1,2025-12-19 19:32:00,8.00,46.4,-25.18266,-100.97465,Warehouse,FALSE,,OP_10,
85,SHIP_1,CONT_3,SENSOR_1,2025-12-19 19:37:00,8.00,43.2,88.73890,-22.51936,Warehouse,FALSE,,OP_9,
86,SHIP_3,CONT_2,SENSOR_1,2025-12-19 19:42:00,8.00,36.1,-10.00869,153.10664,Warehouse,FALSE,,OP_9,
87,SHIP_2,CONT_1,SENSOR_1,2025-12-19 19:47:00,8.00,48.8,31.71046,155.86328,Warehouse,FALSE,,OP_3,
88,SHIP_2,CONT_1,SENSOR_1,2025-12-19 19:52:00,7.69,49.0,12.35878,-47.22802,Warehouse,FALSE,,OP_2,
89,SHIP_2,CONT_2,SENSOR_1,2025-12-19 19:57:00,7.91,37.8,86.36250,168.17108,Warehouse,FALSE,,OP_8,
90,SHIP_4,CONT_3,SENSOR_1,2025-12-19 20:02:00,7.95,30.3,-8.10641,-70.20671,Warehouse,FALSE,,OP_5,
91,SHIP_3,CONT_5,SENSOR_1,2025-12-19 20:07:00,7.41,45.3,32.68375,139.02432,Warehouse,FALSE,,OP_3,
92,SHIP_3,CONT_1,SENSOR_1,2025-12-19 20:12:00,9.55,41.1,75.03838,-106.48916,Warehouse,FALSE,,OP_5,
93,SHIP_2,CONT_2,SENSOR_1,2025-12-19 20:17:00,8.00,43.6,-20.79714,55.31540,Warehouse,FALSE,,OP_7,
94,SHIP_5,CONT_5,SENSOR_1,2025-12-19 20:22:00,8.00,31.5,41.34555,-99.04716,Warehouse,FALSE,,OP_7,
95,SHIP_2,CONT_2,SENSOR_1,2025-12-19 20:27:00,7.49,44.1,-62.87446,51.53444,Warehouse,FALSE,,OP_9,
96,SHIP_2,CONT_1,SENSOR_1,2025-12-19 20:32:00,7.70,43.1,3.05443,-151.21362,Warehouse,FALSE,,OP_3,
97,SHIP_1,CONT_4,SENSOR_1,2025-12-19 20:37:00,7.79,41.4,84.41338,-122.81756,Warehouse,FALSE,,OP_4,
98,SHIP_3,CONT_1,SENSOR_1,2025-12-19 20:42:00,7.71,42.2,16.43442,-17.66881,Warehouse,FALSE,,OP_3,
99,SHIP_4,CONT_5,SENSOR_1,2025-12-19 20:47:00,7.30,35.9,-33.10029,-76.78115,Warehouse,FALSE,,OP_7,
100,SHIP_5,CONT_4,SENSOR_1,2025-12-19 20:52:00,7.14,46.4,63.55012,134.34147,Warehouse,FALSE,,OP_1,
101,SHIP_2,CONT_1,SENSOR_1,2025-12-19 20:57:00,6.89,33.9,12.35102,42.91523,Warehouse,FALSE,,OP_3,
102,SHIP_4,CONT_4,SENSOR_1,2025-12-19 21:02:00,6.83,45.7,-63.71676,97.68517,Warehouse,FALSE,,OP_7,
103,SHIP_3,CONT_5,SENSOR_1,2025-12-19 21:07:00,6.94,40.9,-17.16876,-102.60198,Warehouse,FALSE,,OP_6,
104,SHIP_2,CONT_1,SENSOR_1,2025-12-19 21:12:00,7.03,43.5,16.99233,-103.90770,Warehouse,FALSE,,OP_4,
105,SHIP_4,CONT_5,SENSOR_1,2025-12-19 21:17:00,6.97,38.4,84.25580,119.78926,Warehouse,FALSE,,OP_1,
106,SHIP_4,CONT_5,SENSOR_1,2025-12-19 21:22:00,7.01,43.9,36.18038,120.49282,Warehouse,FALSE,,OP_3,
107,SHIP_3,CONT_5,SENSOR_1,2025-12-19 21:27:00,7.27,30.4,-56.59148,91.07164,Warehouse,FALSE,,OP_6,
108,SHIP_1,CONT_4,SENSOR_1,2025-12-19 21:32:00,7.01,43.8,49.89902,-139.22442,Warehouse,FALSE,,OP_6,
109,SHIP_1,CONT_2,SENSOR_1,2025-12-19 21:37:00,6.97,37.4,71.63323,126.64981,Warehouse,FALSE,,OP_5,
110,SHIP_1,CONT_2,SENSOR_1,2025-12-19 21:42:00,7.09,39.3,-71.47103,-99.23128,Warehouse,FALSE,,OP_6,
111,SHIP_3,CONT_1,SENSOR_1,2025-12-19 21:47:00,6.91,31.3,-54.37652,5.67708,Warehouse,FALSE,,OP_1,
112,SHIP_1,CONT_3,SENSOR_1,2025-12-19 21:52:00,7.01,49.9,60.41501,-161.29406,Warehouse,FALSE,,OP_2,
113,SHIP_5,CONT_3,SENSOR_1,2025-12-19 21:57:00,7.06,40.6,7.07889,83.85797,Warehouse,FALSE,,OP_4,
114,SHIP_4,CONT_5,SENSOR_1,2025-12-19 22:02:00,6.44,30.2,-53.52330,-44.89276,Warehouse,FALSE,,OP_7,
115,SHIP_1,CONT_1,SENSOR_1,2025-12-19 22:07:00,6.69,32.8,4.60135,0.94651,Warehouse,FALSE,,OP_8,
116,SHIP_1,CONT_4,SENSOR_1,2025-12-19 22:12:00,6.35,45.7,-9.50465,-22.93140,Warehouse,FALSE,,OP_1,
117,SHIP_2,CONT_1,SENSOR_1,2025-12-19 22:17:00,6.47,39.5,13.82758,-24.79896,Warehouse,FALSE,,OP_5,
118,SHIP_2,CONT_5,SENSOR_1,2025-12-19 22:22:00,6.41,35.3,-22.36671,30.53201,Warehouse,FALSE,,OP_4,
119,SHIP_5,CONT_1,SENSOR_1,2025-12-19 22:27:00,6.38,48.3,-26.94651,11.70090,Warehouse,FALSE,,OP_6,
120,SHIP_5,CONT_1,SENSOR_1,2025-12-19 22:32:00,5.99,45.0,22.46850,-89.33284,Warehouse,FALSE,,OP_5,
121,SHIP_5,CONT_4,SENSOR_1,2025-12-19 22:37:00,6.02,47.8,33.64957,-43.40538,Warehouse,FALSE,,OP_4,
122,SHIP_4,CONT_5,SENSOR_1,2025-12-19 22:42:00,5.92,43.3,-52.74253,-156.06191,Warehouse,FALSE,,OP_1,
123,SHIP_3,CONT_2,SENSOR_1,2025-12-19 22:47:00,6.20,48.0,83.69509,-15.72851,Warehouse,FALSE,,OP_1,
124,SHIP_3,CONT_4,SENSOR_1,2025-12-19 22:52:00,5.82,49.4,-84.61617,40.84651,Warehouse,FALSE,,OP_3,
125,SHIP_2,CONT_1,SENSOR_1,2025-12-19 22:57:00,5.83,31.3,79.29998,-34.60154,Warehouse,FALSE,,OP_6,
126,SHIP_4,CONT_4,SENSOR_1,2025-12-19 23:02:00,5.61,30.8,34.89691,63.84928,Warehouse,FALSE,,OP_6,
127,SHIP_2,CONT_3,SENSOR_1,2025-12-19 23:07:00,5.55,34.0,47.06630,-90.00348,Warehouse,FALSE,,OP_2,
128,SHIP_1,CONT_1,SENSOR_1,2025-12-19 23:12:00,5.95,41.3,46.69171,-165.91903,Warehouse,FALSE,,OP_3,
129,SHIP_5,CONT_2,SENSOR_1,2025-12-19 23:17:00,10.76,39.3,-59.35368,8.50021,Warehouse,FALSE,,OP_3,
130,SHIP_3,CONT_4,SENSOR_1,2025-12-19 23:22:00,8.00,39.0,-44.04063,93.99224,Warehouse,FALSE,,OP_4,
131,SHIP_4,CONT_1,SENSOR_1,2025-12-19 23:27:00,8.00,44.4,-36.72726,63.79694,Warehouse,FALSE,,OP_7,
132,SHIP_1,CONT_4,SENSOR_1,2025-12-19 23:32:00,8.00,47.5,-19.58112,-108.02143,Warehouse,FALSE,,OP_6,
133,SHIP_2,CONT_4,SENSOR_1,2025-12-19 23:37:00,8.00,34.9,34.57115,-25.02621,Warehouse,FALSE,,OP_10,
134,SHIP_3,CONT_1,SENSOR_1,2025-12-19 23:42:00,7.57,30.0,-1.82841,-123.29112,Warehouse,FALSE,,OP_6,
135,SHIP_5,CONT_1,SENSOR_1,2025-12-19 23:47:00,7.60,32.5,49.40542,45.85346,Warehouse,FALSE,,OP_7,
136,SHIP_4,CONT_2,SENSOR_1,2025-12-19 23:52:00,7.71,30.8,35.27834,8.59860,Warehouse,FALSE,,OP_9,
137,SHIP_1,CONT_4,SENSOR_1,2025-12-19 23:57:00,7.85,34.2,-29.55224,-25.87004,Warehouse,FALSE,,OP_2,
138,SHIP_5,CONT_5,SENSOR_1,2025-12-20 00:02:00,7.82,47.9,60.38766,23.63297,Warehouse,FALSE,,OP_6,
139,SHIP_3,CONT_1,SENSOR_1,2025-12-20 00:07:00,7.58,31.2,77.99015,-92.81475,Warehouse,FALSE,,OP_9,
140,SHIP_4,CONT_1,SENSOR_1,2025-12-20 00:12:00,7.74,40.7,12.45293,-84.56045,Warehouse,FALSE,,OP_3,
141,SHIP_1,CONT_2,SENSOR_1,2025-12-20 00:17:00,7.49,47.4,71.30268,112.93504,Warehouse,FALSE,,OP_5,
142,SHIP_4,CONT_3,SENSOR_1,2025-12-20 00:22:00,7.47,49.7,27.77508,176.40627,Warehouse,FALSE,,OP_4,
143,SHIP_4,CONT_5,SENSOR_1,2025-12-20 00:27:00,8.87,47.7,-6.95377,152.89302,Warehouse,FALSE,,OP_9,
144,SHIP_3,CONT_2,SENSOR_1,2025-12-20 00:32:00,8.00,32.2,47.61703,154.57593,Warehouse,FALSE,,OP_4,
145,SHIP_2,CONT_1,SENSOR_1,2025-12-20 00:37:00,8.00,43.9,6.75316,87.92157,Warehouse,FALSE,,OP_1,
146,SHIP_5,CONT_4,SENSOR_1,2025-12-20 00:42:00,8.00,34.5,1.50221,158.68696,Warehouse,FALSE,,OP_3,
147,SHIP_3,CONT_2,SENSOR_1,2025-12-20 00:47:00,8.00,49.1,27.33680,-113.02300,Warehouse,FALSE,,OP_9,
148,SHIP_1,CONT_2,SENSOR_1,2025-12-20 00:52:00,9.54,47.4,-53.52000,72.37179,Warehouse,FALSE,,OP_5,
149,SHIP_4,CONT_4,SENSOR_1,2025-12-20 00:57:00,8.00,42.2,39.81589,105.96701,Warehouse,FALSE,,OP_1,
150,SHIP_4,CONT_3,SENSOR_1,2025-12-20 01:02:00,7.73,44.0,-60.07117,-20.13680,Warehouse,FALSE,,OP_3,
151,SHIP_4,CONT_3,SENSOR_1,2025-12-20 01:07:00,7.59,34.6,46.39254,-73.49108,Warehouse,FALSE,,OP_1,
152,SHIP_1,CONT_4,SENSOR_1,2025-12-20 01:12:00,7.39,37.9,63.06799,-9.75270,Warehouse,FALSE,,OP_2,
153,SHIP_2,CONT_1,SENSOR_1,2025-12-20 01:17:00,7.36,33.3,24.02173,126.76272,Warehouse,FALSE,,OP_3,
154,SHIP_1,CONT_3,SENSOR_1,2025-12-20 01:22:00,7.39,36.0,-16.41901,27.79961,Warehouse,FALSE,,OP_6,
155,SHIP_4,CONT_3,SENSOR_1,2025-12-20 01:27:00,7.25,44.3,-17.46611,-105.08438,Warehouse,FALSE,,OP_10,
156,SHIP_5,CONT_1,SENSOR_1,2025-12-20 01:32:00,7.04,30.2,-0.95531,52.45158,Warehouse,FALSE,,OP_8,
157,SHIP_1,CONT_5,SENSOR_1,2025-12-20 01:37:00,7.02,49.5,-45.75615,-111.19582,Warehouse,FALSE,,OP_2,
158,SHIP_4,CONT_3,SENSOR_1,2025-12-20 01:42:00,7.21,38.3,-32.94503,-102.81467,Warehouse,FALSE,,OP_6,
159,SHIP_2,CONT_4,SENSOR_1,2025-12-20 01:47:00,7.13,46.3,67.08526,117.45815,Warehouse,FALSE,,OP_9,
160,SHIP_5,CONT_4,SENSOR_1,2025-12-20 01:52:00,6.85,39.8,45.52328,25.88770,Warehouse,FALSE,,OP_1,
161,SHIP_4,CONT_1,SENSOR_1,2025-12-20 01:57:00,6.82,30.1,-78.02328,169.41224,Warehouse,FALSE,,OP_2,
162,SHIP_4,CONT_4,SENSOR_1,2025-12-20 02:02:00,7.27,34.9,8.10358,-121.89676,Warehouse,FALSE,,OP_6,
163,SHIP_4,CONT_3,SENSOR_1,2025-12-20 02:07:00,7.10,47.2,42.80878,-0.83270,Warehouse,FALSE,,OP_10,
164,SHIP_3,CONT_3,SENSOR_1,2025-12-20 02:12:00,7.15,45.5,56.87670,14.76337,Warehouse,FALSE,,OP_6,
165,SHIP_4,CONT_2,SENSOR_1,2025-12-20 02:17:00,7.02,44.5,-76.21329,121.64160,Warehouse,FALSE,,OP_5,
166,SHIP_4,CONT_1,SENSOR_1,2025-12-20 02:22:00,6.63,37.5,-4.83964,-107.95391,Warehouse,FALSE,,OP_3,
167,SHIP_2,CONT_4,SENSOR_1,2025-12-20 02:27:00,6.17,39.1,-84.16250,73.40494,Warehouse,FALSE,,OP_6,
168,SHIP_3,CONT_5,SENSOR_1,2025-12-20 02:32:00,6.27,30.4,62.42145,-126.15937,Warehouse,FALSE,,OP_9,
169,SHIP_2,CONT_4,SENSOR_1,2025-12-20 02:37:00,6.44,38.2,-46.69365,17.33445,Warehouse,FALSE,,OP_1,
170,SHIP_1,CONT_5,SENSOR_1,2025-12-20 02:42:00,6.54,42.2,57.48747,-116.54381,Warehouse,FALSE,,OP_8,
171,SHIP_5,CONT_3,SENSOR_1,2025-12-20 02:47:00,6.60,35.7,14.63773,-105.08370,Warehouse,FALSE,,OP_5,
172,SHIP_3,CONT_4,SENSOR_1,2025-12-20 02:52:00,6.12,45.9,26.18427,44.96564,Warehouse,FALSE,,OP_6,
173,SHIP_1,CONT_3,SENSOR_1,2025-12-20 02:57:00,5.69,42.5,12.96162,147.02935,Warehouse,FALSE,,OP_3,
174,SHIP_5,CONT_3,SENSOR_1,2025-12-20 03:02:00,5.39,33.5,27.87096,-175.24618,Warehouse,FALSE,,OP_2,
175,SHIP_4,CONT_5,SENSOR_1,2025-12-20 03:07:00,5.45,39.0,74.85041,-143.67812,Warehouse,FALSE,,OP_7,
176,SHIP_5,CONT_3,SENSOR_1,2025-12-20 03:12:00,5.46,34.7,60.26821,10.59236,Warehouse,FALSE,,OP_2,
177,SHIP_2,CONT_1,SENSOR_1,2025-12-20 03:17:00,5.34,45.5,50.90385,57.43740,Warehouse,FALSE,,OP_8,
178,SHIP_5,CONT_1,SENSOR_1,2025-12-20 03:22:00,8.73,42.4,64.61243,-161.63034,Warehouse,FALSE,,OP_1,
179,SHIP_5,CONT_3,SENSOR_1,2025-12-20 03:27:00,8.00,44.8,78.70032,144.88980,Warehouse,FALSE,,OP_1,
180,SHIP_5,CONT_1,SENSOR_1,2025-12-20 03:32:00,8.00,48.9,57.92875,-107.29031,Warehouse,FALSE,,OP_7,
181,SHIP_5,CONT_1,SENSOR_1,2025-12-20 03:37:00,8.00,34.5,0.94117,-125.49768,Warehouse,FALSE,,OP_8,
182,SHIP_3,CONT_1,SENSOR_1,2025-12-20 03:42:00,8.00,49.5,36.83796,60.59720,Warehouse,FALSE,,OP_7,
183,SHIP_5,CONT_1,SENSOR_1,2025-12-20 03:47:00,7.66,48.3,-30.08129,-65.33566,Warehouse,FALSE,,OP_7,
184,SHIP_5,CONT_5,SENSOR_1,2025-12-20 03:52:00,7.64,43.8,31.25275,175.67056,Warehouse,FALSE,,OP_8,
185,SHIP_2,CONT_2,SENSOR_1,2025-12-20 03:57:00,7.65,40.4,-42.46274,125.15607,Warehouse,FALSE,,OP_9,
186,SHIP_1,CONT_4,SENSOR_1,2025-12-20 04:02:00,7.58,34.2,-74.29972,-80.95768,Warehouse,FALSE,,OP_4,
187,SHIP_2,CONT_3,SENSOR_1,2025-12-20 04:07:00,7.28,30.3,-73.62349,-81.13485,Warehouse,FALSE,,OP_3,
188,SHIP_2,CONT_1,SENSOR_1,2025-12-20 04:12:00,7.71,47.1,35.40682,-62.59615,Warehouse,FALSE,,OP_6,
189,SHIP_1,CONT_3,SENSOR_1,2025-12-20 04:17:00,8.00,32.7,57.50650,-109.23527,Warehouse,FALSE,,OP_9,
190,SHIP_5,CONT_5,SENSOR_1,2025-12-20 04:22:00,8.00,34.3,-9.95554,67.79482,Warehouse,FALSE,,OP_10,
191,SHIP_5,CONT_2,SENSOR_1,2025-12-20 04:27:00,8.00,32.1,-1.52994,102.03219,Warehouse,FALSE,,OP_1,
192,SHIP_2,CONT_2,SENSOR_1,2025-12-20 04:32:00,8.00,38.5,64.38412,-112.45890,Warehouse,FALSE,,OP_7,
193,SHIP_1,CONT_4,SENSOR_1,2025-12-20 04:37:00,7.74,45.5,-50.77897,-69.90108,Warehouse,FALSE,,OP_6,
194,SHIP_4,CONT_1,SENSOR_1,2025-12-20 04:42:00,7.95,35.3,45.14509,-77.72418,Warehouse,FALSE,,OP_4,
195,SHIP_1,CONT_4,SENSOR_1,2025-12-20 04:47:00,8.00,42.1,17.35755,-138.29066,Warehouse,FALSE,,OP_2,
196,SHIP_3,CONT_1,SENSOR_1,2025-12-20 04:52:00,7.96,35.3,-56.45028,8.57563,Warehouse,FALSE,,OP_8,
197,SHIP_3,CONT_3,SENSOR_1,2025-12-20 04:57:00,7.79,44.9,-32.35986,40.00021,Warehouse,FALSE,,OP_1,
198,SHIP_2,CONT_5,SENSOR_1,2025-12-20 05:02:00,7.87,45.4,84.12094,-125.72762,Warehouse,FALSE,,OP_2,
199,SHIP_5,CONT_5,SENSOR_1,2025-12-20 05:07:00,7.63,48.9,-44.56094,-151.20116,Warehouse,FALSE,,OP_10,
200,SHIP_3,CONT_3,SENSOR_1,2025-12-20 05:12:00,7.48,49.4,-45.89247,9.71441,Warehouse,FALSE,,OP_10,
201,SHIP_5,CONT_1,SENSOR_1,2025-12-20 05:17:00,7.38,42.4,87.61168,76.98962,Warehouse,FALSE,,OP_5,
202,SHIP_5,CONT_1,SENSOR_1,2025-12-20 05:22:00,7.52,42.5,89.92405,54.41831,Warehouse,FALSE,,OP_5,
203,SHIP_5,CONT_2,SENSOR_1,2025-12-20 05:27:00,7.45,38.0,88.19794,80.30701,Warehouse,FALSE,,OP_2,
204,SHIP_4,CONT_3,SENSOR_1,2025-12-20 05:32:00,7.31,48.2,63.28758,128.04256,Warehouse,FALSE,,OP_7,
205,SHIP_1,CONT_3,SENSOR_1,2025-12-20 05:37:00,7.39,40.9,-85.79912,-73.09214,Warehouse,FALSE,,OP_7,
206,SHIP_3,CONT_1,SENSOR_1,2025-12-20 05:42:00,7.36,37.1,38.48686,-94.37445,Warehouse,FALSE,,OP_1,
207,SHIP_2,CONT_2,SENSOR_1,2025-12-20 05:47:00,7.02,47.6,-27.30193,-123.64965,Warehouse,FALSE,,OP_1,
208,SHIP_2,CONT_3,SENSOR_1,2025-12-20 05:52:00,6.99,49.4,88.80341,-173.69553,Warehouse,FALSE,,OP_8,
209,SHIP_5,CONT_4,SENSOR_1,2025-12-20 05:57:00,6.68,37.4,-78.44853,66.39581,Warehouse,FALSE,,OP_1,
210,SHIP_5,CONT_3,SENSOR_1,2025-12-20 06:02:00,6.54,45.6,-10.06195,112.01614,Warehouse,FALSE,,OP_9,
211,SHIP_2,CONT_1,SENSOR_1,2025-12-20 06:07:00,6.58,47.2,46.57414,-131.07199,Warehouse,FALSE,,OP_3,
212,SHIP_4,CONT_5,SENSOR_1,2025-12-20 06:12:00,6.32,45.4,3.53465,-159.00670,Warehouse,FALSE,,OP_4,
213,SHIP_4,CONT_4,SENSOR_1,2025-12-20 06:17:00,6.20,39.3,-62.26047,-39.69574,Warehouse,FALSE,,OP_4,
214,SHIP_3,CONT_5,SENSOR_1,2025-12-20 06:22:00,6.24,35.4,88.57800,55.88135,Warehouse,FALSE,,OP_8,
215,SHIP_4,CONT_1,SENSOR_1,2025-12-20 06:27:00,6.36,47.2,-81.39439,153.85181,Warehouse,FALSE,,OP_2,
216,SHIP_2,CONT_3,SENSOR_1,2025-12-20 06:32:00,6.65,43.6,45.39336,62.98026,Warehouse,FALSE,,OP_4,
217,SHIP_2,CONT_1,SENSOR_1,2025-12-20 06:37:00,6.73,35.6,-41.62944,-119.58471,Warehouse,FALSE,,OP_2,
218,SHIP_5,CONT_2,SENSOR_1,2025-12-20 06:42:00,6.58,30.3,-89.22949,-159.39584,Warehouse,FALSE,,OP_2,
219,SHIP_3,CONT_4,SENSOR_1,2025-12-20 06:47:00,10.08,35.1,-86.65119,-33.71672,Warehouse,FALSE,,OP_1,
220,SHIP_2,CONT_2,SENSOR_1,2025-12-20 06:52:00,8.00,35.0,-62.70593,31.51853,Warehouse,FALSE,,OP_2,
221,SHIP_1,CONT_3,SENSOR_1,2025-12-20 06:57:00,8.00,46.9,86.87408,170.59901,Warehouse,FALSE,,OP_10,
222,SHIP_2,CONT_2,SENSOR_1,2025-12-20 07:02:00,7.99,41.4,-70.92010,9.64821,Warehouse,FALSE,,OP_3,
223,SHIP_5,CONT_3,SENSOR_1,2025-12-20 07:07:00,7.62,30.2,81.96090,64.91446,Warehouse,FALSE,,OP_9,
224,SHIP_4,CONT_1,SENSOR_1,2025-12-20 07:12:00,9.72,34.3,-31.19208,-116.43851,Warehouse,FALSE,,OP_6,
225,SHIP_2,CONT_4,SENSOR_1,2025-12-20 07:17:00,9.90,41.1,64.29125,82.99761,Warehouse,FALSE,,OP_8,
226,SHIP_2,CONT_5,SENSOR_1,2025-12-20 07:22:00,8.00,35.3,-22.94178,-42.00034,Warehouse,FALSE,,OP_6,
227,SHIP_2,CONT_4,SENSOR_1,2025-12-20 07:27:00,8.00,32.0,60.03439,31.15360,Warehouse,FALSE,,OP_7,
228,SHIP_4,CONT_5,SENSOR_1,2025-12-20 07:32:00,8.00,33.0,77.38312,77.52391,Warehouse,FALSE,,OP_10,
229,SHIP_5,CONT_3,SENSOR_1,2025-12-20 07:37:00,8.00,36.2,-54.40399,167.92695,Warehouse,FALSE,,OP_8,
230,SHIP_3,CONT_1,SENSOR_1,2025-12-20 07:42:00,7.62,46.7,-67.28780,-34.92946,Warehouse,FALSE,,OP_10,
231,SHIP_1,CONT_2,SENSOR_1,2025-12-20 07:47:00,7.64,48.9,-50.38452,-25.63013,Warehouse,FALSE,,OP_5,
232,SHIP_2,CONT_5,SENSOR_1,2025-12-20 07:52:00,7.48,40.4,-74.24048,21.06170,Warehouse,FALSE,,OP_7,
233,SHIP_5,CONT_4,SENSOR_1,2025-12-20 07:57:00,7.43,33.9,50.27168,149.63502,Warehouse,FALSE,,OP_10,
234,SHIP_5,CONT_4,SENSOR_1,2025-12-20 08:02:00,7.38,39.8,-65.18527,-7.08308,Warehouse,FALSE,,OP_9,
235,SHIP_1,CONT_1,SENSOR_1,2025-12-20 08:07:00,7.73,37.6,-17.55550,65.83442,Warehouse,FALSE,,OP_9,
236,SHIP_2,CONT_1,SENSOR_1,2025-12-20 08:12:00,8.00,32.3,-83.03813,20.54692,Warehouse,FALSE,,OP_5,
237,SHIP_1,CONT_3,SENSOR_1,2025-12-20 08:17:00,7.97,32.7,74.15473,-6.27199,Warehouse,FALSE,,OP_7,
238,SHIP_2,CONT_2,SENSOR_1,2025-12-20 08:22:00,8.00,33.8,81.41124,-146.36884,Warehouse,FALSE,,OP_10,
239,SHIP_1,CONT_5,SENSOR_1,2025-12-20 08:27:00,8.00,34.8,-73.28072,-14.34593,Warehouse,FALSE,,OP_2,
240,SHIP_5,CONT_2,SENSOR_1,2025-12-20 08:32:00,8.00,34.7,-71.28820,25.18713,Warehouse,FALSE,,OP_10,
241,SHIP_1,CONT_1,SENSOR_1,2025-12-20 08:37:00,7.93,42.2,52.45311,173.26082,Warehouse,FALSE,,OP_1,
242,SHIP_1,CONT_3,SENSOR_1,2025-12-20 08:42:00,7.96,42.8,-70.59037,-153.52494,Warehouse,FALSE,,OP_5,
243,SHIP_4,CONT_2,SENSOR_1,2025-12-20 08:47:00,8.00,48.3,43.36736,23.12095,Warehouse,FALSE,,OP_7,
244,SHIP_1,CONT_5,SENSOR_1,2025-12-20 08:52:00,7.90,35.1,9.54201,-170.13715,Warehouse,FALSE,,OP_5,
245,SHIP_3,CONT_5,SENSOR_1,2025-12-20 08:57:00,8.00,34.2,30.06250,-155.70155,Warehouse,FALSE,,OP_6,
246,SHIP_5,CONT_1,SENSOR_1,2025-12-20 09:02:00,8.00,31.4,26.38402,82.27969,Warehouse,FALSE,,OP_2,
247,SHIP_4,CONT_2,SENSOR_1,2025-12-20 09:07:00,7.78,33.6,21.27115,-136.34715,Warehouse,FALSE,,OP_3,
248,SHIP_1,CONT_4,SENSOR_1,2025-12-20 09:12:00,7.72,38.7,-73.87017,116.61632,Warehouse,FALSE,,OP_6,
249,SHIP_3,CONT_3,SENSOR_1,2025-12-20 09:17:00,7.56,47.1,21.15046,-57.31122,Warehouse,FALSE,,OP_10,
250,SHIP_5,CONT_2,SENSOR_1,2025-12-20 09:22:00,7.60,45.1,-38.13274,97.98035,Warehouse,FALSE,,OP_4,
251,SHIP_1,CONT_5,SENSOR_1,2025-12-20 09:27:00,7.47,49.8,-34.84615,-9.32106,Warehouse,FALSE,,OP_4,
252,SHIP_2,CONT_2,SENSOR_1,2025-12-20 09:32:00,7.32,45.1,33.52895,-92.12270,Warehouse,FALSE,,OP_9,
253,SHIP_2,CONT_4,SENSOR_1,2025-12-20 09:37:00,7.42,44.2,49.42966,-116.98424,Warehouse,FALSE,,OP_2,
254,SHIP_3,CONT_4,SENSOR_1,2025-12-20 09:42:00,6.82,44.3,-58.27360,-45.73351,Warehouse,FALSE,,OP_7,
255,SHIP_3,CONT_2,SENSOR_1,2025-12-20 09:47:00,6.47,37.6,-51.04138,105.65964,Warehouse,FALSE,,OP_10,
256,SHIP_2,CONT_5,SENSOR_1,2025-12-20 09:52:00,5.97,44.0,52.04194,25.90593,Warehouse,FALSE,,OP_9,
257,SHIP_4,CONT_5,SENSOR_1,2025-12-20 09:57:00,10.23,34.2,2.99317,46.52606,Warehouse,FALSE,,OP_7,
258,SHIP_2,CONT_3,SENSOR_1,2025-12-20 10:02:00,8.00,39.1,53.62990,156.98434,Warehouse,FALSE,,OP_4,
259,SHIP_3,CONT_1,SENSOR_1,2025-12-20 10:07:00,8.00,44.0,-15.78555,-99.86544,Warehouse,FALSE,,OP_3,
260,SHIP_4,CONT_4,SENSOR_1,2025-12-20 10:12:00,8.00,34.6,80.57213,119.31362,Warehouse,FALSE,,OP_7,
261,SHIP_4,CONT_5,SENSOR_1,2025-12-20 10:17:00,7.88,40.4,9.26081,-116.52325,Warehouse,FALSE,,OP_6,
262,SHIP_5,CONT_1,SENSOR_1,2025-12-20 10:22:00,8.00,49.2,-85.07925,-140.54184,Warehouse,FALSE,,OP_10,
263,SHIP_1,CONT_3,SENSOR_1,2025-12-20 10:27:00,8.00,36.9,28.45921,8.64031,Warehouse,FALSE,,OP_8,
264,SHIP_4,CONT_5,SENSOR_1,2025-12-20 10:32:00,7.77,43.2,84.63327,158.16780,Warehouse,FALSE,,OP_5,
265,SHIP_1,CONT_3,SENSOR_1,2025-12-20 10:37:00,7.78,46.6,25.31597,94.89093,Warehouse,FALSE,,OP_3,
266,SHIP_2,CONT_3,SENSOR_1,2025-12-20 10:42:00,7.75,34.2,-64.74850,-17.25253,Warehouse,FALSE,,OP_10,
267,SHIP_2,CONT_5,SENSOR_1,2025-12-20 10:47:00,7.62,48.6,-44.17958,-171.35684,Warehouse,FALSE,,OP_5,
268,SHIP_4,CONT_5,SENSOR_1,2025-12-20 10:52:00,7.47,36.8,5.92137,-89.49701,Warehouse,FALSE,,OP_5,
269,SHIP_1,CONT_1,SENSOR_1,2025-12-20 10:57:00,7.40,45.9,-24.26762,160.23348,Warehouse,FALSE,,OP_1,
270,SHIP_5,CONT_4,SENSOR_1,2025-12-20 11:02:00,7.44,41.6,52.68078,-32.20594,Warehouse,FALSE,,OP_8,
271,SHIP_4,CONT_2,SENSOR_1,2025-12-20 11:07:00,7.20,44.5,-49.73972,-108.23788,Warehouse,FALSE,,OP_5,
272,SHIP_2,CONT_1,SENSOR_1,2025-12-20 11:12:00,7.27,30.1,-86.98251,30.39264,Warehouse,FALSE,,OP_7,
273,SHIP_5,CONT_1,SENSOR_1,2025-12-20 11:17:00,7.01,33.9,-16.54169,-60.91757,Warehouse,FALSE,,OP_3,
274,SHIP_1,CONT_3,SENSOR_1,2025-12-20 11:22:00,6.93,43.1,0.27788,157.11079,Warehouse,FALSE,,OP_7,
275,SHIP_3,CONT_1,SENSOR_1,2025-12-20 11:27:00,7.05,47.2,-81.16662,-135.93101,Warehouse,FALSE,,OP_6,
276,SHIP_3,CONT_4,SENSOR_1,2025-12-20 11:32:00,6.87,31.5,38.85282,-25.52196,Warehouse,FALSE,,OP_6,
277,SHIP_4,CONT_1,SENSOR_1,2025-12-20 11:37:00,7.17,35.0,-55.97088,-105.03356,Warehouse,FALSE,,OP_10,
278,SHIP_5,CONT_2,SENSOR_1,2025-12-20 11:42:00,7.38,33.5,11.29779,38.82243,Warehouse,FALSE,,OP_6,
279,SHIP_3,CONT_4,SENSOR_1,2025-12-20 11:47:00,7.17,34.0,-48.70499,162.97166,Warehouse,FALSE,,OP_4,
280,SHIP_3,CONT_2,SENSOR_1,2025-12-20 11:52:00,7.18,49.8,-50.97820,18.15197,Warehouse,FALSE,,OP_9,
281,SHIP_5,CONT_5,SENSOR_1,2025-12-20 11:57:00,7.22,35.8,-71.99920,51.99322,Warehouse,FALSE,,OP_7,
282,SHIP_5,CONT_5,SENSOR_1,2025-12-20 12:02:00,7.09,45.5,47.97260,152.53271,Warehouse,FALSE,,OP_5,
283,SHIP_4,CONT_2,SENSOR_1,2025-12-20 12:07:00,7.32,34.3,-2.84464,120.11188,Warehouse,FALSE,,OP_2,
284,SHIP_3,CONT_1,SENSOR_1,2025-12-20 12:12:00,7.37,47.0,-51.75418,87.48488,Warehouse,FALSE,,OP_6,
285,SHIP_3,CONT_4,SENSOR_1,2025-12-20 12:17:00,7.56,43.2,-71.28827,27.14848,Warehouse,FALSE,,OP_10,
286,SHIP_1,CONT_5,SENSOR_1,2025-12-20 12:22:00,7.57,47.7,-29.35569,-69.14863,Warehouse,FALSE,,OP_8,
287,SHIP_1,CONT_5,SENSOR_1,2025-12-20 12:27:00,7.31,46.0,-72.99846,64.76501,Warehouse,FALSE,,OP_3,
288,SHIP_4,CONT_2,SENSOR_1,2025-12-20 12:32:00,7.03,45.2,-21.38231,-71.77499,Warehouse,FALSE,,OP_8,
289,SHIP_2,CONT_2,SENSOR_2,2025-12-19 12:37:00,6.24,48.2,84.16640,-56.89764,Warehouse,FALSE,,OP_3,
290,SHIP_3,CONT_5,SENSOR_2,2025-12-19 12:42:00,6.28,47.5,20.81925,80.86781,Warehouse,FALSE,,OP_1,
291,SHIP_1,CONT_3,SENSOR_2,2025-12-19 12:47:00,6.61,32.6,-75.07866,-92.29663,Warehouse,FALSE,,OP_2,
292,SHIP_3,CONT_5,SENSOR_2,2025-12-19 12:52:00,6.43,42.2,10.04645,92.22787,Warehouse,FALSE,,OP_1,
293,SHIP_1,CONT_1,SENSOR_2,2025-12-19 12:57:00,6.38,35.1,55.22693,-94.66096,Warehouse,FALSE,,OP_1,
294,SHIP_1,CONT_5,SENSOR_2,2025-12-19 13:02:00,11.37,38.7,-68.85236,-113.15308,Warehouse,FALSE,,OP_4,
295,SHIP_3,CONT_1,SENSOR_2,2025-12-19 13:07:00,8.00,43.9,24.23038,102.48084,Warehouse,FALSE,,OP_10,
296,SHIP_5,CONT_4,SENSOR_2,2025-12-19 13:12:00,7.98,48.2,-37.68230,50.65177,Warehouse,FALSE,,OP_10,
297,SHIP_4,CONT_3,SENSOR_2,2025-12-19 13:17:00,8.00,44.3,56.44678,-28.99056,Warehouse,FALSE,,OP_1,
298,SHIP_1,CONT_1,SENSOR_2,2025-12-19 13:22:00,8.00,44.0,45.87901,-120.05594,Warehouse,FALSE,,OP_10,
299,SHIP_5,CONT_4,SENSOR_2,2025-12-19 13:27:00,8.00,42.4,66.34068,-69.38162,Warehouse,FALSE,,OP_9,
300,SHIP_1,CONT_3,SENSOR_2,2025-12-19 13:32:00,7.84,42.6,-67.40745,29.62633,Warehouse,FALSE,,OP_2,
301,SHIP_5,CONT_5,SENSOR_2,2025-12-19 13:37:00,7.54,31.9,-4.77739,-2.87783,Warehouse,FALSE,,OP_8,
302,SHIP_3,CONT_5,SENSOR_2,2025-12-19 13:42:00,7.22,31.4,23.76293,-119.02950,Warehouse,FALSE,,OP_9,
303,SHIP_5,CONT_4,SENSOR_2,2025-12-19 13:47:00,6.98,39.9,74.70001,-133.62554,Warehouse,FALSE,,OP_9,
304,SHIP_3,CONT_5,SENSOR_2,2025-12-19 13:52:00,7.06,46.0,10.66678,-74.42227,Warehouse,FALSE,,OP_6,
305,SHIP_4,CONT_2,SENSOR_2,2025-12-19 13:57:00,7.44,40.8,82.41681,-130.80522,Warehouse,FALSE,,OP_1,
306,SHIP_1,CONT_2,SENSOR_2,2025-12-19 14:02:00,7.55,48.2,-40.93311,21.05624,Warehouse,FALSE,,OP_5,
307,SHIP_4,CONT_2,SENSOR_2,2025-12-19 14:07:00,7.36,33.8,72.87804,24.79820,Warehouse,FALSE,,OP_3,
308,SHIP_1,CONT_3,SENSOR_2,2025-12-19 14:12:00,7.54,32.3,-61.28338,162.65463,Warehouse,FALSE,,OP_1,
309,SHIP_3,CONT_3,SENSOR_2,2025-12-19 14:17:00,7.27,32.7,42.79871,149.48537,Warehouse,FALSE,,OP_4,
310,SHIP_4,CONT_5,SENSOR_2,2025-12-19 14:22:00,7.29,33.8,49.06110,61.06116,Warehouse,FALSE,,OP_6,
311,SHIP_4,CONT_3,SENSOR_2,2025-12-19 14:27:00,6.99,37.5,-1.32595,143.30363,Warehouse,FALSE,,OP_3,
312,SHIP_2,CONT_2,SENSOR_2,2025-12-19 14:32:00,7.13,31.2,52.53469,-70.77307,Warehouse,FALSE,,OP_6,
313,SHIP_3,CONT_2,SENSOR_2,2025-12-19 14:37:00,7.34,32.6,8.90814,75.96179,Warehouse,FALSE,,OP_7,
314,SHIP_5,CONT_1,SENSOR_2,2025-12-19 14:42:00,6.98,40.6,82.99030,136.76351,Warehouse,FALSE,,OP_9,
315,SHIP_3,CONT_4,SENSOR_2,2025-12-19 14:47:00,6.81,46.6,88.90804,-41.52589,Warehouse,FALSE,,OP_7,
316,SHIP_4,CONT_4,SENSOR_2,2025-12-19 14:52:00,6.45,36.1,53.15716,166.33696,Warehouse,FALSE,,OP_1,
317,SHIP_2,CONT_4,SENSOR_2,2025-12-19 14:57:00,6.46,33.6,82.16559,-97.15999,Warehouse,FALSE,,OP_5,
318,SHIP_4,CONT_2,SENSOR_2,2025-12-19 15:02:00,6.60,40.4,-56.20374,-109.22503,Warehouse,FALSE,,OP_7,
319,SHIP_1,CONT_1,SENSOR_2,2025-12-19 15:07:00,6.68,38.6,72.14407,23.56043,Warehouse,FALSE,,OP_4,
320,SHIP_1,CONT_4,SENSOR_2,2025-12-19 15:12:00,6.47,36.4,67.19411,151.40502,Warehouse,FALSE,,OP_1,
321,SHIP_2,CONT_2,SENSOR_2,2025-12-19 15:17:00,6.62,46.5,-86.01431,-176.89713,Warehouse,FALSE,,OP_3,
322,SHIP_5,CONT_4,SENSOR_2,2025-12-19 15:22:00,6.50,35.4,59.28564,-78.28659,Warehouse,FALSE,,OP_9,
323,SHIP_4,CONT_3,SENSOR_2,2025-12-19 15:27:00,6.65,41.4,-49.65788,32.65595,Warehouse,FALSE,,OP_5,
324,SHIP_5,CONT_5,SENSOR_2,2025-12-19 15:32:00,6.91,41.5,-42.50005,98.34039,Warehouse,FALSE,,OP_8,
325,SHIP_2,CONT_1,SENSOR_2,2025-12-19 15:37:00,6.85,30.3,1.34629,-19.35419,Warehouse,FALSE,,OP_9,
326,SHIP_5,CONT_3,SENSOR_2,2025-12-19 15:42:00,7.01,39.6,20.10875,-92.94044,Warehouse,FALSE,,OP_9,
327,SHIP_5,CONT_5,SENSOR_2,2025-12-19 15:47:00,6.99,49.9,23.77300,117.82304,Warehouse,FALSE,,OP_4,
328,SHIP_1,CONT_2,SENSOR_2,2025-12-19 15:52:00,7.04,31.8,-68.95154,-109.25063,Warehouse,FALSE,,OP_9,
329,SHIP_3,CONT_2,SENSOR_2,2025-12-19 15:57:00,6.98,38.6,61.64085,-112.09434,Warehouse,FALSE,,OP_5,
330,SHIP_3,CONT_4,SENSOR_2,2025-12-19 16:02:00,7.05,46.6,-53.83702,41.43191,Warehouse,FALSE,,OP_3,
331,SHIP_3,CONT_1,SENSOR_2,2025-12-19 16:07:00,7.45,49.8,-59.53371,87.16586,Warehouse,FALSE,,OP_7,
332,SHIP_4,CONT_4,SENSOR_2,2025-12-19 16:12:00,7.30,37.3,-81.91409,140.84471,Warehouse,FALSE,,OP_6,
333,SHIP_2,CONT_3,SENSOR_2,2025-12-19 16:17:00,7.17,36.7,-4.51268,-8.04337,Warehouse,FALSE,,OP_6,
334,SHIP_1,CONT_1,SENSOR_2,2025-12-19 16:22:00,7.03,33.7,-10.08408,15.74259,Warehouse,FALSE,,OP_9,
335,SHIP_3,CONT_3,SENSOR_2,2025-12-19 16:27:00,7.08,48.0,-84.33042,60.10340,Warehouse,FALSE,,OP_10,
336,SHIP_1,CONT_4,SENSOR_2,2025-12-19 16:32:00,7.17,41.9,-88.19539,22.45115,Warehouse,FALSE,,OP_1,
337,SHIP_3,CONT_4,SENSOR_2,2025-12-19 16:37:00,7.06,38.0,-63.17342,-43.63042,Warehouse,FALSE,,OP_10,
338,SHIP_1,CONT_4,SENSOR_2,2025-12-19 16:42:00,6.94,31.0,8.53848,-72.68104,Warehouse,FALSE,,OP_2,
339,SHIP_1,CONT_4,SENSOR_2,2025-12-19 16:47:00,6.86,42.8,24.95166,135.97627,Warehouse,FALSE,,OP_8,
340,SHIP_5,CONT_3,SENSOR_2,2025-12-19 16:52:00,6.88,34.6,61.46428,163.31053,Warehouse,FALSE,,OP_7,
341,SHIP_2,CONT_2,SENSOR_2,2025-12-19 16:57:00,7.08,46.1,10.06828,-52.16359,Warehouse,FALSE,,OP_7,
342,SHIP_1,CONT_3,SENSOR_2,2025-12-19 17:02:00,6.44,44.8,82.37779,89.04801,Warehouse,FALSE,,OP_9,
343,SHIP_5,CONT_4,SENSOR_2,2025-12-19 17:07:00,6.32,41.2,-72.89522,165.99400,Warehouse,FALSE,,OP_4,
344,SHIP_3,CONT_4,SENSOR_2,2025-12-19 17:12:00,6.48,48.7,28.45410,86.82597,Warehouse,FALSE,,OP_7,
345,SHIP_5,CONT_4,SENSOR_2,2025-12-19 17:17:00,6.29,40.7,-1.27605,146.12047,Warehouse,FALSE,,OP_3,
346,SHIP_3,CONT_2,SENSOR_2,2025-12-19 17:22:00,6.12,45.4,-67.99426,130.81849,Warehouse,FALSE,,OP_10,
347,SHIP_1,CONT_2,SENSOR_2,2025-12-19 17:27:00,5.94,30.1,79.36952,-85.00205,Warehouse,FALSE,,OP_8,
348,SHIP_4,CONT_1,SENSOR_2,2025-12-19 17:32:00,5.77,37.0,52.29718,159.18574,Warehouse,FALSE,,OP_1,
349,SHIP_5,CONT_1,SENSOR_2,2025-12-19 17:37:00,5.57,33.5,-17.50731,24.42199,Warehouse,FALSE,,OP_9,
350,SHIP_2,CONT_3,SENSOR_2,2025-12-19 17:42:00,9.46,49.3,43.03265,-5.41191,Warehouse,FALSE,,OP_5,
351,SHIP_5,CONT_2,SENSOR_2,2025-12-19 17:47:00,8.00,30.1,21.26447,41.27498,Warehouse,FALSE,,OP_8,
352,SHIP_4,CONT_3,SENSOR_2,2025-12-19 17:52:00,8.00,35.9,-58.81375,-79.86075,Warehouse,FALSE,,OP_6,
353,SHIP_5,CONT_1,SENSOR_2,2025-12-19 17:57:00,11.61,38.5,-84.53867,44.48044,Warehouse,FALSE,,OP_10,
354,SHIP_3,CONT_1,SENSOR_2,2025-12-19 18:02:00,8.00,31.4,40.44026,-125.07813,Warehouse,FALSE,,OP_4,
355,SHIP_5,CONT_2,SENSOR_2,2025-12-19 18:07:00,8.00,45.5,-35.89114,170.63175,Warehouse,FALSE,,OP_4,
356,SHIP_5,CONT_2,SENSOR_2,2025-12-19 18:12:00,8.00,46.2,52.14629,139.01703,Warehouse,FALSE,,OP_5,
357,SHIP_3,CONT_1,SENSOR_2,2025-12-19 18:17:00,8.00,32.1,21.47397,160.46418,Warehouse,FALSE,,OP_2,
358,SHIP_2,CONT_5,SENSOR_2,2025-12-19 18:22:00,7.78,40.5,-44.93220,-53.09352,Warehouse,FALSE,,OP_9,
359,SHIP_5,CONT_4,SENSOR_2,2025-12-19 18:27:00,7.68,37.5,-78.32633,67.93903,Warehouse,FALSE,,OP_5,
360,SHIP_1,CONT_5,SENSOR_2,2025-12-19 18:32:00,7.53,47.1,38.61255,23.57798,Warehouse,FALSE,,OP_7,
361,SHIP_3,CONT_2,SENSOR_2,2025-12-19 18:37:00,7.74,42.8,75.19717,103.04694,Warehouse,FALSE,,OP_2,
362,SHIP_1,CONT_2,SENSOR_2,2025-12-19 18:42:00,7.74,38.0,-24.73210,116.33733,Warehouse,FALSE,,OP_1,
363,SHIP_1,CONT_4,SENSOR_2,2025-12-19 18:47:00,7.77,32.0,14.72053,108.18500,Warehouse,FALSE,,OP_2,
364,SHIP_4,CONT_5,SENSOR_2,2025-12-19 18:52:00,7.96,41.5,5.62196,103.78192,Warehouse,FALSE,,OP_6,
365,SHIP_5,CONT_5,SENSOR_2,2025-12-19 18:57:00,7.96,40.5,-17.15800,-100.14154,Warehouse,FALSE,,OP_3,
366,SHIP_2,CONT_1,SENSOR_2,2025-12-19 19:02:00,7.79,36.0,-74.94585,-43.93504,Warehouse,FALSE,,OP_4,
367,SHIP_5,CONT_2,SENSOR_2,2025-12-19 19:07:00,7.81,42.8,80.11515,-34.20988,Warehouse,FALSE,,OP_3,
368,SHIP_3,CONT_3,SENSOR_2,2025-12-19 19:12:00,7.44,30.4,15.05861,-36.32713,Warehouse,FALSE,,OP_10,
369,SHIP_4,CONT_5,SENSOR_2,2025-12-19 19:17:00,7.54,40.4,32.19793,29.31704,Warehouse,FALSE,,OP_8,
370,SHIP_5,CONT_1,SENSOR_2,2025-12-19 19:22:00,7.35,47.3,86.84440,-121.95315,Warehouse,FALSE,,OP_5,
371,SHIP_1,CONT_3,SENSOR_2,2025-12-19 19:27:00,7.26,47.4,-38.56996,128.19191,Warehouse,FALSE,,OP_6,
372,SHIP_3,CONT_2,SENSOR_2,2025-12-19 19:32:00,7.30,48.4,44.16448,109.46859,Warehouse,FALSE,,OP_4,
373,SHIP_1,CONT_1,SENSOR_2,2025-12-19 19:37:00,7.16,49.8,12.97264,-45.18130,Warehouse,FALSE,,OP_4,
374,SHIP_5,CONT_2,SENSOR_2,2025-12-19 19:42:00,11.33,33.9,-21.51688,145.67886,Warehouse,FALSE,,OP_2,
375,SHIP_2,CONT_2,SENSOR_2,2025-12-19 19:47:00,8.00,47.6,34.04234,-57.82940,Warehouse,FALSE,,OP_9,
376,SHIP_5,CONT_3,SENSOR_2,2025-12-19 19:52:00,7.74,31.1,88.61589,-130.25363,Warehouse,FALSE,,OP_8,
377,SHIP_4,CONT_5,SENSOR_2,2025-12-19 19:57:00,7.50,30.2,-12.94493,129.63480,Warehouse,FALSE,,OP_8,
378,SHIP_2,CONT_1,SENSOR_2,2025-12-19 20:02:00,7.37,38.5,-84.74757,25.71250,Warehouse,FALSE,,OP_6,
379,SHIP_4,CONT_2,SENSOR_2,2025-12-19 20:07:00,7.48,33.8,-30.73344,-133.29178,Warehouse,FALSE,,OP_6,
380,SHIP_5,CONT_2,SENSOR_2,2025-12-19 20:12:00,7.52,45.6,49.76720,-112.77666,Warehouse,FALSE,,OP_10,
381,SHIP_2,CONT_3,SENSOR_2,2025-12-19 20:17:00,7.64,31.7,-24.82871,175.73778,Warehouse,FALSE,,OP_10,
382,SHIP_5,CONT_3,SENSOR_2,2025-12-19 20:22:00,7.44,42.9,3.14859,178.61672,Warehouse,FALSE,,OP_8,
383,SHIP_4,CONT_1,SENSOR_2,2025-12-19 20:27:00,7.51,46.1,-87.60719,10.57102,Warehouse,FALSE,,OP_3,
384,SHIP_2,CONT_5,SENSOR_2,2025-12-19 20:32:00,7.25,32.1,79.55265,-17.55808,Warehouse,FALSE,,OP_3,
385,SHIP_5,CONT_4,SENSOR_2,2025-12-19 20:37:00,7.17,46.8,-38.97496,-145.94443,Warehouse,FALSE,,OP_4,
386,SHIP_2,CONT_3,SENSOR_2,2025-12-19 20:42:00,6.85,46.0,0.03090,-30.14822,Warehouse,FALSE,,OP_8,
387,SHIP_4,CONT_4,SENSOR_2,2025-12-19 20:47:00,6.86,33.2,-40.28200,105.33871,Warehouse,FALSE,,OP_9,
388,SHIP_3,CONT_2,SENSOR_2,2025-12-19 20:52:00,8.65,46.2,-65.02108,-100.45532,Warehouse,FALSE,,OP_1,
389,SHIP_1,CONT_1,SENSOR_2,2025-12-19 20:57:00,8.00,46.6,66.92811,-162.43781,Warehouse,FALSE,,OP_7,
390,SHIP_5,CONT_2,SENSOR_2,2025-12-19 21:02:00,8.00,45.4,50.10841,15.32390,Warehouse,FALSE,,OP_1,
391,SHIP_2,CONT_2,SENSOR_2,2025-12-19 21:07:00,7.79,30.2,-69.30145,-145.09780,Warehouse,FALSE,,OP_4,
392,SHIP_3,CONT_5,SENSOR_2,2025-12-19 21:12:00,7.90,49.6,59.56071,56.06838,Warehouse,FALSE,,OP_3,
393,SHIP_2,CONT_2,SENSOR_2,2025-12-19 21:17:00,7.86,38.8,61.04565,-56.46455,Warehouse,FALSE,,OP_4,
394,SHIP_5,CONT_4,SENSOR_2,2025-12-19 21:22:00,11.03,37.0,-17.50828,-127.24435,Warehouse,FALSE,,OP_2,
395,SHIP_5,CONT_2,SENSOR_2,2025-12-19 21:27:00,8.00,31.3,-11.13781,-79.76550,Warehouse,FALSE,,OP_2,
396,SHIP_2,CONT_1,SENSOR_2,2025-12-19 21:32:00,8.00,37.8,-61.06832,11.05789,Warehouse,FALSE,,OP_4,
397,SHIP_2,CONT_1,SENSOR_2,2025-12-19 21:37:00,7.83,33.6,89.92077,-109.98623,Warehouse,FALSE,,OP_8,
398,SHIP_3,CONT_4,SENSOR_2,2025-12-19 21:42:00,7.77,37.6,-63.11683,-105.64861,Warehouse,FALSE,,OP_2,
399,SHIP_1,CONT_2,SENSOR_2,2025-12-19 21:47:00,7.96,33.5,-28.08240,-36.77195,Warehouse,FALSE,,OP_4,
400,SHIP_5,CONT_2,SENSOR_2,2025-12-19 21:52:00,7.70,39.2,35.85918,1.37037,Warehouse,FALSE,,OP_2,
401,SHIP_5,CONT_1,SENSOR_2,2025-12-19 21:57:00,7.83,35.7,4.75096,86.03063,Warehouse,FALSE,,OP_1,
402,SHIP_4,CONT_3,SENSOR_2,2025-12-19 22:02:00,8.00,40.5,2.03452,8.10164,Warehouse,FALSE,,OP_10,
403,SHIP_2,CONT_3,SENSOR_2,2025-12-19 22:07:00,8.00,35.7,-21.81552,-151.20062,Warehouse,FALSE,,OP_2,
404,SHIP_5,CONT_3,SENSOR_2,2025-12-19 22:12:00,7.87,41.1,-5.98566,-40.46320,Warehouse,FALSE,,OP_7,
405,SHIP_5,CONT_3,SENSOR_2,2025-12-19 22:17:00,7.54,45.7,46.35188,34.99999,Warehouse,FALSE,,OP_3,
406,SHIP_2,CONT_1,SENSOR_2,2025-12-19 22:22:00,7.44,37.2,84.59252,-125.09148,Warehouse,FALSE,,OP_5,
407,SHIP_5,CONT_3,SENSOR_2,2025-12-19 22:27:00,7.63,35.1,20.67606,25.38129,Warehouse,FALSE,,OP_10,
408,SHIP_4,CONT_3,SENSOR_2,2025-12-19 22:32:00,7.36,43.8,-60.81314,167.05869,Warehouse,FALSE,,OP_10,
409,SHIP_2,CONT_2,SENSOR_2,2025-12-19 22:37:00,7.23,38.0,-66.11604,-147.06302,Warehouse,FALSE,,OP_6,
410,SHIP_1,CONT_5,SENSOR_2,2025-12-19 22:42:00,7.48,39.3,-28.60189,-64.63659,Warehouse,FALSE,,OP_4,
411,SHIP_1,CONT_4,SENSOR_2,2025-12-19 22:47:00,7.63,44.2,-40.16277,21.83408,Warehouse,FALSE,,OP_4,
412,SHIP_5,CONT_1,SENSOR_2,2025-12-19 22:52:00,7.64,48.3,-87.93979,136.34527,Warehouse,FALSE,,OP_7,
413,SHIP_4,CONT_1,SENSOR_2,2025-12-19 22:57:00,7.32,33.9,-74.95565,-99.58949,Warehouse,FALSE,,OP_7,
414,SHIP_3,CONT_3,SENSOR_2,2025-12-19 23:02:00,9.64,32.4,54.69088,-179.84738,Warehouse,FALSE,,OP_3,
415,SHIP_4,CONT_2,SENSOR_2,2025-12-19 23:07:00,8.00,42.0,46.02640,37.37273,Warehouse,FALSE,,OP_6,
416,SHIP_1,CONT_1,SENSOR_2,2025-12-19 23:12:00,8.00,38.5,-45.00334,-178.63383,Warehouse,FALSE,,OP_5,
417,SHIP_4,CONT_4,SENSOR_2,2025-12-19 23:17:00,7.76,43.8,-32.51207,-40.76957,Warehouse,FALSE,,OP_1,
418,SHIP_4,CONT_1,SENSOR_2,2025-12-19 23:22:00,7.67,43.3,66.13898,-176.74005,Warehouse,FALSE,,OP_2,
419,SHIP_5,CONT_3,SENSOR_2,2025-12-19 23:27:00,7.73,33.6,15.67040,-164.52288,Warehouse,FALSE,,OP_10,
420,SHIP_5,CONT_3,SENSOR_2,2025-12-19 23:32:00,7.88,32.4,70.41305,-80.34565,Warehouse,FALSE,,OP_3,
421,SHIP_1,CONT_1,SENSOR_2,2025-12-19 23:37:00,8.00,31.0,11.73385,-108.56825,Warehouse,FALSE,,OP_7,
422,SHIP_4,CONT_3,SENSOR_2,2025-12-19 23:42:00,8.00,44.1,-83.30217,160.62294,Warehouse,FALSE,,OP_6,
423,SHIP_5,CONT_4,SENSOR_2,2025-12-19 23:47:00,8.00,38.3,68.75375,-42.28712,Warehouse,FALSE,,OP_1,
424,SHIP_5,CONT_1,SENSOR_2,2025-12-19 23:52:00,8.00,49.1,-81.42230,-100.79188,Warehouse,FALSE,,OP_3,
425,SHIP_4,CONT_3,SENSOR_2,2025-12-19 23:57:00,8.00,33.0,17.92225,66.10954,Warehouse,FALSE,,OP_1,
426,SHIP_1,CONT_2,SENSOR_2,2025-12-20 00:02:00,8.00,49.8,-17.91352,-104.68210,Warehouse,FALSE,,OP_4,
427,SHIP_3,CONT_3,SENSOR_2,2025-12-20 00:07:00,8.00,42.7,-12.51472,73.88805,Warehouse,FALSE,,OP_10,
428,SHIP_4,CONT_3,SENSOR_2,2025-12-20 00:12:00,8.00,38.9,72.26266,-126.59750,Warehouse,FALSE,,OP_10,
429,SHIP_3,CONT_4,SENSOR_2,2025-12-20 00:17:00,7.87,36.8,4.55014,-7.84840,Warehouse,FALSE,,OP_8,
430,SHIP_5,CONT_1,SENSOR_2,2025-12-20 00:22:00,7.87,35.3,-6.91649,-148.23043,Warehouse,FALSE,,OP_5,
431,SHIP_4,CONT_2,SENSOR_2,2025-12-20 00:27:00,7.50,35.5,-25.38467,-1.26980,Warehouse,FALSE,,OP_2,
432,SHIP_1,CONT_2,SENSOR_2,2025-12-20 00:32:00,7.63,31.5,-53.86251,-59.51275,Warehouse,FALSE,,OP_7,
433,SHIP_1,CONT_3,SENSOR_2,2025-12-20 00:37:00,7.56,39.0,13.14043,6.30857,Warehouse,FALSE,,OP_9,
434,SHIP_1,CONT_5,SENSOR_2,2025-12-20 00:42:00,9.81,49.5,58.36107,-102.19146,Warehouse,FALSE,,OP_1,
435,SHIP_3,CONT_4,SENSOR_2,2025-12-20 00:47:00,8.00,39.6,-29.55334,152.22256,Warehouse,FALSE,,OP_6,
436,SHIP_4,CONT_5,SENSOR_2,2025-12-20 00:52:00,7.88,43.6,9.33605,58.49113,Warehouse,FALSE,,OP_8,
437,SHIP_3,CONT_5,SENSOR_2,2025-12-20 00:57:00,7.84,35.1,76.38449,173.81106,Warehouse,FALSE,,OP_1,
438,SHIP_2,CONT_1,SENSOR_2,2025-12-20 01:02:00,7.70,40.0,83.70226,-27.16388,Warehouse,FALSE,,OP_3,
439,SHIP_1,CONT_1,SENSOR_2,2025-12-20 01:07:00,7.92,34.0,7.62173,-146.20272,Warehouse,FALSE,,OP_2,
440,SHIP_3,CONT_5,SENSOR_2,2025-12-20 01:12:00,8.00,42.4,-22.12615,76.02092,Warehouse,FALSE,,OP_4,
441,SHIP_2,CONT_5,SENSOR_2,2025-12-20 01:17:00,7.82,43.1,34.86799,-15.16623,Warehouse,FALSE,,OP_8,
442,SHIP_4,CONT_5,SENSOR_2,2025-12-20 01:22:00,7.62,34.0,47.70829,-178.75852,Warehouse,FALSE,,OP_10,
443,SHIP_2,CONT_4,SENSOR_2,2025-12-20 01:27:00,7.44,43.8,-11.63529,-123.77260,Warehouse,FALSE,,OP_4,
444,SHIP_3,CONT_4,SENSOR_2,2025-12-20 01:32:00,7.24,40.9,-22.91600,158.45112,Warehouse,FALSE,,OP_9,
445,SHIP_5,CONT_5,SENSOR_2,2025-12-20 01:37:00,7.00,43.8,-1.25500,-71.97088,Warehouse,FALSE,,OP_5,
446,SHIP_1,CONT_1,SENSOR_2,2025-12-20 01:42:00,6.96,41.5,17.58736,-87.48544,Warehouse,FALSE,,OP_10,
447,SHIP_4,CONT_3,SENSOR_2,2025-12-20 01:47:00,7.10,30.9,-78.65009,-41.96502,Warehouse,FALSE,,OP_5,
448,SHIP_2,CONT_3,SENSOR_2,2025-12-20 01:52:00,7.21,36.1,-48.54387,81.51506,Warehouse,FALSE,,OP_10,
449,SHIP_5,CONT_3,SENSOR_2,2025-12-20 01:57:00,7.46,46.0,-58.25765,21.07019,Warehouse,FALSE,,OP_1,
450,SHIP_5,CONT_2,SENSOR_2,2025-12-20 02:02:00,7.72,32.2,-85.42835,-148.30605,Warehouse,FALSE,,OP_1,
451,SHIP_1,CONT_2,SENSOR_2,2025-12-20 02:07:00,7.60,46.7,40.28379,119.50468,Warehouse,FALSE,,OP_10,
452,SHIP_5,CONT_5,SENSOR_2,2025-12-20 02:12:00,7.67,37.5,-55.54036,-123.96047,Warehouse,FALSE,,OP_6,
453,SHIP_4,CONT_1,SENSOR_2,2025-12-20 02:17:00,7.80,48.2,-19.53592,-53.56969,Warehouse,FALSE,,OP_2,
454,SHIP_2,CONT_2,SENSOR_2,2025-12-20 02:22:00,8.00,30.4,-31.86502,35.75694,Warehouse,FALSE,,OP_9,
455,SHIP_3,CONT_1,SENSOR_2,2025-12-20 02:27:00,8.00,34.8,5.44342,-63.61969,Warehouse,FALSE,,OP_6,
456,SHIP_2,CONT_5,SENSOR_2,2025-12-20 02:32:00,8.00,38.7,-33.55028,-56.14284,Warehouse,FALSE,,OP_6,
457,SHIP_2,CONT_1,SENSOR_2,2025-12-20 02:37:00,7.78,43.7,68.43686,-10.30097,Warehouse,FALSE,,OP_7,
458,SHIP_2,CONT_1,SENSOR_2,2025-12-20 02:42:00,7.90,32.8,-66.87154,-131.50202,Warehouse,FALSE,,OP_3,
459,SHIP_5,CONT_1,SENSOR_2,2025-12-20 02:47:00,7.64,48.8,-71.86774,118.51848,Warehouse,FALSE,,OP_6,
460,SHIP_4,CONT_1,SENSOR_2,2025-12-20 02:52:00,7.49,34.7,53.39366,14.40718,Warehouse,FALSE,,OP_2,
461,SHIP_4,CONT_3,SENSOR_2,2025-12-20 02:57:00,7.81,41.5,69.07675,-67.40395,Warehouse,FALSE,,OP_7,
462,SHIP_1,CONT_5,SENSOR_2,2025-12-20 03:02:00,7.79,38.7,11.29852,-155.56972,Warehouse,FALSE,,OP_10,
463,SHIP_1,CONT_5,SENSOR_2,2025-12-20 03:07:00,8.72,41.4,47.41265,4.33329,Warehouse,FALSE,,OP_2,
464,SHIP_4,CONT_4,SENSOR_2,2025-12-20 03:12:00,8.00,38.1,-6.19520,126.88511,Warehouse,FALSE,,OP_10,
465,SHIP_1,CONT_3,SENSOR_2,2025-12-20 03:17:00,7.94,37.8,-38.62396,87.06517,Warehouse,FALSE,,OP_6,
466,SHIP_3,CONT_1,SENSOR_2,2025-12-20 03:22:00,8.00,48.9,78.19396,-169.49086,Warehouse,FALSE,,OP_5,
467,SHIP_3,CONT_1,SENSOR_2,2025-12-20 03:27:00,8.00,47.5,-72.92889,64.35283,Warehouse,FALSE,,OP_10,
468,SHIP_4,CONT_4,SENSOR_2,2025-12-20 03:32:00,7.80,34.5,-28.64929,-154.12091,Warehouse,FALSE,,OP_7,
469,SHIP_2,CONT_1,SENSOR_2,2025-12-20 03:37:00,7.65,36.6,31.56453,-64.62071,Warehouse,FALSE,,OP_3,
470,SHIP_1,CONT_4,SENSOR_2,2025-12-20 03:42:00,7.50,39.9,-27.23403,-32.30160,Warehouse,FALSE,,OP_2,
471,SHIP_2,CONT_4,SENSOR_2,2025-12-20 03:47:00,7.71,45.4,-48.33025,53.80472,Warehouse,FALSE,,OP_4,
472,SHIP_5,CONT_3,SENSOR_2,2025-12-20 03:52:00,7.91,44.6,-67.78180,-142.41858,Warehouse,FALSE,,OP_2,
473,SHIP_1,CONT_2,SENSOR_2,2025-12-20 03:57:00,8.00,34.5,78.19333,48.14932,Warehouse,FALSE,,OP_2,
474,SHIP_4,CONT_5,SENSOR_2,2025-12-20 04:02:00,8.00,33.8,-20.12285,-12.82291,Warehouse,FALSE,,OP_3,
475,SHIP_3,CONT_2,SENSOR_2,2025-12-20 04:07:00,7.91,38.0,-65.32254,171.47740,Warehouse,FALSE,,OP_9,
476,SHIP_4,CONT_5,SENSOR_2,2025-12-20 04:12:00,8.00,30.0,-9.55541,18.20671,Warehouse,FALSE,,OP_3,
477,SHIP_2,CONT_4,SENSOR_2,2025-12-20 04:17:00,7.96,36.3,8.85117,73.22370,Warehouse,FALSE,,OP_8,
478,SHIP_3,CONT_5,SENSOR_2,2025-12-20 04:22:00,8.00,42.6,78.32014,-135.79168,Warehouse,FALSE,,OP_1,
479,SHIP_5,CONT_2,SENSOR_2,2025-12-20 04:27:00,8.00,43.1,56.11264,77.73522,Warehouse,FALSE,,OP_9,
480,SHIP_3,CONT_1,SENSOR_2,2025-12-20 04:32:00,9.29,32.7,-9.14285,-179.74344,Warehouse,FALSE,,OP_10,
481,SHIP_2,CONT_3,SENSOR_2,2025-12-20 04:37:00,8.00,46.8,-22.54771,-79.41591,Warehouse,FALSE,,OP_7,
482,SHIP_4,CONT_3,SENSOR_2,2025-12-20 04:42:00,10.97,39.7,-80.80744,11.80807,Warehouse,FALSE,,OP_2,
483,SHIP_2,CONT_1,SENSOR_2,2025-12-20 04:47:00,8.00,30.5,54.74864,-46.46582,Warehouse,FALSE,,OP_3,
484,SHIP_3,CONT_3,SENSOR_2,2025-12-20 04:52:00,8.00,40.2,-9.66136,-35.49400,Warehouse,FALSE,,OP_2,
485,SHIP_1,CONT_3,SENSOR_2,2025-12-20 04:57:00,7.97,43.6,4.29532,67.59001,Warehouse,FALSE,,OP_1,
486,SHIP_3,CONT_4,SENSOR_2,2025-12-20 05:02:00,7.87,33.9,11.42578,159.97658,Warehouse,FALSE,,OP_1,
487,SHIP_1,CONT_3,SENSOR_2,2025-12-20 05:07:00,7.70,46.8,-16.66783,133.92883,Warehouse,FALSE,,OP_2,
488,SHIP_5,CONT_4,SENSOR_2,2025-12-20 05:12:00,7.61,46.6,-44.35603,171.77374,Warehouse,FALSE,,OP_7,
489,SHIP_1,CONT_3,SENSOR_2,2025-12-20 05:17:00,7.51,39.1,35.09041,-24.15145,Warehouse,FALSE,,OP_10,
490,SHIP_1,CONT_5,SENSOR_2,2025-12-20 05:22:00,7.48,33.8,8.03648,-143.44366,Warehouse,FALSE,,OP_4,
491,SHIP_3,CONT_3,SENSOR_2,2025-12-20 05:27:00,7.42,49.2,-73.41216,156.77641,Warehouse,FALSE,,OP_3,
492,SHIP_1,CONT_2,SENSOR_2,2025-12-20 05:32:00,10.37,49.2,64.48372,78.50721,Warehouse,FALSE,,OP_3,
493,SHIP_1,CONT_4,SENSOR_2,2025-12-20 05:37:00,8.00,32.9,22.28256,-76.09174,Warehouse,FALSE,,OP_6,
494,SHIP_2,CONT_2,SENSOR_2,2025-12-20 05:42:00,7.77,37.8,-50.93668,145.79685,Warehouse,FALSE,,OP_3,
495,SHIP_2,CONT_3,SENSOR_2,2025-12-20 05:47:00,7.67,34.5,-76.55859,166.62795,Warehouse,FALSE,,OP_3,
496,SHIP_5,CONT_1,SENSOR_2,2025-12-20 05:52:00,7.82,45.7,4.71173,98.73362,Warehouse,FALSE,,OP_5,
497,SHIP_1,CONT_1,SENSOR_2,2025-12-20 05:57:00,7.78,42.8,-5.18220,39.55128,Warehouse,FALSE,,OP_5,
498,SHIP_5,CONT_4,SENSOR_2,2025-12-20 06:02:00,7.86,47.6,-70.21282,45.62152,Warehouse,FALSE,,OP_3,
499,SHIP_2,CONT_5,SENSOR_2,2025-12-20 06:07:00,7.55,31.6,83.00115,-139.49805,Warehouse,FALSE,,OP_6,
500,SHIP_3,CONT_5,SENSOR_2,2025-12-20 06:12:00,7.16,36.5,-23.27129,-4.10647,Warehouse,FALSE,,OP_1,
501,SHIP_2,CONT_1,SENSOR_2,2025-12-20 06:17:00,7.23,42.9,39.97482,65.63348,Warehouse,FALSE,,OP_4,
502,SHIP_3,CONT_5,SENSOR_2,2025-12-20 06:22:00,7.34,49.1,-60.49500,-32.38431,Warehouse,FALSE,,OP_2,
503,SHIP_5,CONT_1,SENSOR_2,2025-12-20 06:27:00,7.48,39.1,-36.58406,-158.44525,Warehouse,FALSE,,OP_6,
504,SHIP_4,CONT_1,SENSOR_2,2025-12-20 06:32:00,7.64,41.2,-42.70050,-14.31518,Warehouse,FALSE,,OP_5,
505,SHIP_3,CONT_4,SENSOR_2,2025-12-20 06:37:00,7.92,44.5,-17.80302,95.41880,Warehouse,FALSE,,OP_4,
506,SHIP_2,CONT_4,SENSOR_2,2025-12-20 06:42:00,7.92,30.8,-55.50833,86.01296,Warehouse,FALSE,,OP_3,
507,SHIP_2,CONT_3,SENSOR_2,2025-12-20 06:47:00,7.75,47.5,-12.97786,-112.02162,Warehouse,FALSE,,OP_2,
508,SHIP_2,CONT_3,SENSOR_2,2025-12-20 06:52:00,7.78,45.0,35.71093,-99.23363,Warehouse,FALSE,,OP_5,
509,SHIP_5,CONT_4,SENSOR_2,2025-12-20 06:57:00,7.70,49.1,-10.00307,13.10882,Warehouse,FALSE,,OP_3,
510,SHIP_3,CONT_1,SENSOR_2,2025-12-20 07:02:00,7.98,35.1,-77.03128,15.09957,Warehouse,FALSE,,OP_8,
511,SHIP_3,CONT_5,SENSOR_2,2025-12-20 07:07:00,8.00,39.0,53.91832,-158.39200,Warehouse,FALSE,,OP_5,
512,SHIP_3,CONT_1,SENSOR_2,2025-12-20 07:12:00,8.00,42.1,-11.74896,-50.04578,Warehouse,FALSE,,OP_1,
513,SHIP_3,CONT_3,SENSOR_2,2025-12-20 07:17:00,8.00,30.0,82.84313,-134.28281,Warehouse,FALSE,,OP_6,
514,SHIP_1,CONT_5,SENSOR_2,2025-12-20 07:22:00,8.00,40.4,4.39316,-53.48294,Warehouse,FALSE,,OP_5,
515,SHIP_4,CONT_5,SENSOR_2,2025-12-20 07:27:00,8.00,32.2,-80.99660,-172.85512,Warehouse,FALSE,,OP_10,
516,SHIP_2,CONT_3,SENSOR_2,2025-12-20 07:32:00,7.87,36.6,-44.02374,-130.98772,Warehouse,FALSE,,OP_9,
517,SHIP_4,CONT_4,SENSOR_2,2025-12-20 07:37:00,7.96,38.1,-24.69598,-149.99002,Warehouse,FALSE,,OP_8,
518,SHIP_3,CONT_5,SENSOR_2,2025-12-20 07:42:00,8.00,37.0,6.72567,92.19478,Warehouse,FALSE,,OP_6,
519,SHIP_1,CONT_5,SENSOR_2,2025-12-20 07:47:00,7.92,46.4,20.80146,-149.87545,Warehouse,FALSE,,OP_6,
520,SHIP_4,CONT_2,SENSOR_2,2025-12-20 07:52:00,8.00,30.3,1.37656,-139.52013,Warehouse,FALSE,,OP_6,
521,SHIP_2,CONT_3,SENSOR_2,2025-12-20 07:57:00,8.00,35.2,82.77792,-151.99262,Warehouse,FALSE,,OP_9,
522,SHIP_2,CONT_5,SENSOR_2,2025-12-20 08:02:00,7.91,37.7,31.92829,-174.91870,Warehouse,FALSE,,OP_1,
523,SHIP_2,CONT_3,SENSOR_2,2025-12-20 08:07:00,8.00,42.7,14.10549,146.48133,Warehouse,FALSE,,OP_10,
524,SHIP_4,CONT_2,SENSOR_2,2025-12-20 08:12:00,7.74,34.1,-89.85766,125.52440,Warehouse,FALSE,,OP_7,
525,SHIP_3,CONT_4,SENSOR_2,2025-12-20 08:17:00,8.00,45.9,28.68665,79.06230,Warehouse,FALSE,,OP_8,
526,SHIP_2,CONT_3,SENSOR_2,2025-12-20 08:22:00,8.00,43.6,-38.72026,-34.48718,Warehouse,FALSE,,OP_4,
527,SHIP_3,CONT_5,SENSOR_2,2025-12-20 08:27:00,8.00,31.9,-65.88145,69.18334,Warehouse,FALSE,,OP_2,
528,SHIP_5,CONT_4,SENSOR_2,2025-12-20 08:32:00,8.00,45.9,-82.89557,124.10149,Warehouse,FALSE,,OP_1,
529,SHIP_3,CONT_4,SENSOR_2,2025-12-20 08:37:00,7.98,30.8,33.95860,-178.00678,Warehouse,FALSE,,OP_8,
530,SHIP_4,CONT_5,SENSOR_2,2025-12-20 08:42:00,8.00,35.3,4.63353,-148.85572,Warehouse,FALSE,,OP_7,
531,SHIP_4,CONT_2,SENSOR_2,2025-12-20 08:47:00,7.90,48.9,49.31259,35.47092,Warehouse,FALSE,,OP_4,
532,SHIP_2,CONT_1,SENSOR_2,2025-12-20 08:52:00,7.87,40.3,14.74751,176.35616,Warehouse,FALSE,,OP_7,
533,SHIP_2,CONT_4,SENSOR_2,2025-12-20 08:57:00,7.61,37.6,22.74314,178.31502,Warehouse,FALSE,,OP_2,
534,SHIP_3,CONT_2,SENSOR_2,2025-12-20 09:02:00,7.64,34.1,48.57098,75.93321,Warehouse,FALSE,,OP_10,
535,SHIP_4,CONT_1,SENSOR_2,2025-12-20 09:07:00,7.43,35.4,-27.31882,-87.18616,Warehouse,FALSE,,OP_7,
536,SHIP_4,CONT_3,SENSOR_2,2025-12-20 09:12:00,7.41,35.8,-7.90266,-176.45626,Warehouse,FALSE,,OP_8,
537,SHIP_3,CONT_2,SENSOR_2,2025-12-20 09:17:00,7.40,34.0,-71.62069,112.82806,Warehouse,FALSE,,OP_4,
538,SHIP_5,CONT_1,SENSOR_2,2025-12-20 09:22:00,7.47,41.5,79.65913,143.34449,Warehouse,FALSE,,OP_2,
539,SHIP_5,CONT_2,SENSOR_2,2025-12-20 09:27:00,7.34,36.8,-11.85127,-9.53513,Warehouse,FALSE,,OP_6,
540,SHIP_2,CONT_3,SENSOR_2,2025-12-20 09:32:00,7.38,44.3,-43.78777,-7.45391,Warehouse,FALSE,,OP_6,
541,SHIP_3,CONT_5,SENSOR_2,2025-12-20 09:37:00,7.40,48.1,22.07760,109.01022,Warehouse,FALSE,,OP_2,
542,SHIP_3,CONT_5,SENSOR_2,2025-12-20 09:42:00,7.65,38.5,-13.11359,71.52723,Warehouse,FALSE,,OP_10,
543,SHIP_3,CONT_4,SENSOR_2,2025-12-20 09:47:00,7.69,46.6,74.79600,-14.29370,Warehouse,FALSE,,OP_6,
544,SHIP_3,CONT_1,SENSOR_2,2025-12-20 09:52:00,7.61,43.6,-34.89411,-73.29388,Warehouse,FALSE,,OP_2,
545,SHIP_1,CONT_1,SENSOR_2,2025-12-20 09:57:00,7.81,35.2,61.47260,97.14688,Warehouse,FALSE,,OP_8,
546,SHIP_2,CONT_2,SENSOR_2,2025-12-20 10:02:00,7.94,44.7,-66.16491,110.63755,Warehouse,FALSE,,OP_3,
547,SHIP_4,CONT_5,SENSOR_2,2025-12-20 10:07:00,7.68,37.3,-51.55734,-46.72960,Warehouse,FALSE,,OP_8,
548,SHIP_5,CONT_3,SENSOR_2,2025-12-20 10:12:00,7.53,32.7,-45.58413,-5.89828,Warehouse,FALSE,,OP_2,
549,SHIP_5,CONT_2,SENSOR_2,2025-12-20 10:17:00,7.70,31.4,-52.47899,138.18979,Warehouse,FALSE,,OP_5,
550,SHIP_3,CONT_5,SENSOR_2,2025-12-20 10:22:00,7.45,45.2,-63.98252,-12.31843,Warehouse,FALSE,,OP_10,
551,SHIP_1,CONT_3,SENSOR_2,2025-12-20 10:27:00,7.00,40.5,-12.32467,55.83800,Warehouse,FALSE,,OP_9,
552,SHIP_3,CONT_1,SENSOR_2,2025-12-20 10:32:00,7.23,46.0,89.51138,137.28661,Warehouse,FALSE,,OP_5,
553,SHIP_5,CONT_3,SENSOR_2,2025-12-20 10:37:00,7.31,34.6,-86.55727,-102.36978,Warehouse,FALSE,,OP_3,
554,SHIP_4,CONT_4,SENSOR_2,2025-12-20 10:42:00,7.33,36.8,88.80895,-106.44167,Warehouse,FALSE,,OP_7,
555,SHIP_2,CONT_2,SENSOR_2,2025-12-20 10:47:00,7.61,43.3,-56.02545,-22.37161,Warehouse,FALSE,,OP_10,
556,SHIP_5,CONT_3,SENSOR_2,2025-12-20 10:52:00,7.69,34.4,50.06010,103.51459,Warehouse,FALSE,,OP_9,
557,SHIP_2,CONT_2,SENSOR_2,2025-12-20 10:57:00,7.80,46.1,15.15513,75.94363,Warehouse,FALSE,,OP_4,
558,SHIP_1,CONT_2,SENSOR_2,2025-12-20 11:02:00,7.88,36.1,84.78438,-54.61455,Warehouse,FALSE,,OP_1,
559,SHIP_3,CONT_5,SENSOR_2,2025-12-20 11:07:00,7.88,42.3,64.75440,-55.43587,Warehouse,FALSE,,OP_8,
560,SHIP_3,CONT_4,SENSOR_2,2025-12-20 11:12:00,8.00,48.2,-71.48702,-129.31351,Warehouse,FALSE,,OP_4,
561,SHIP_3,CONT_4,SENSOR_2,2025-12-20 11:17:00,8.00,45.1,52.77456,164.42419,Warehouse,FALSE,,OP_8,
562,SHIP_4,CONT_3,SENSOR_2,2025-12-20 11:22:00,7.90,41.0,37.17538,-31.72205,Warehouse,FALSE,,OP_6,
563,SHIP_5,CONT_2,SENSOR_2,2025-12-20 11:27:00,8.00,37.1,23.08035,-101.12905,Warehouse,FALSE,,OP_3,
564,SHIP_2,CONT_4,SENSOR_2,2025-12-20 11:32:00,7.83,30.4,-87.30568,0.82193,Warehouse,FALSE,,OP_7,
565,SHIP_3,CONT_3,SENSOR_2,2025-12-20 11:37:00,7.98,40.3,82.90550,-97.66681,Warehouse,FALSE,,OP_3,
566,SHIP_2,CONT_1,SENSOR_2,2025-12-20 11:42:00,7.85,38.1,-76.75932,-53.93583,Warehouse,FALSE,,OP_1,
567,SHIP_3,CONT_1,SENSOR_2,2025-12-20 11:47:00,7.97,41.3,-41.24040,31.65477,Warehouse,FALSE,,OP_6,
568,SHIP_5,CONT_2,SENSOR_2,2025-12-20 11:52:00,7.81,46.3,-42.43364,100.07867,Warehouse,FALSE,,OP_2,
569,SHIP_1,CONT_1,SENSOR_2,2025-12-20 11:57:00,7.79,45.7,-28.88399,74.69874,Warehouse,FALSE,,OP_6,
570,SHIP_1,CONT_3,SENSOR_2,2025-12-20 12:02:00,7.43,43.0,5.16460,-143.90407,Warehouse,FALSE,,OP_4,
571,SHIP_3,CONT_4,SENSOR_2,2025-12-20 12:07:00,7.26,35.4,-87.36415,38.00274,Warehouse,FALSE,,OP_8,
572,SHIP_4,CONT_4,SENSOR_2,2025-12-20 12:12:00,7.21,42.0,15.03539,174.04091,Warehouse,FALSE,,OP_1,
573,SHIP_4,CONT_1,SENSOR_2,2025-12-20 12:17:00,7.36,38.3,-51.60851,36.34788,Warehouse,FALSE,,OP_5,
574,SHIP_1,CONT_5,SENSOR_2,2025-12-20 12:22:00,7.06,34.0,66.66270,-119.51879,Warehouse,FALSE,,OP_9,
575,SHIP_5,CONT_1,SENSOR_2,2025-12-20 12:27:00,7.15,34.1,87.39204,-167.01717,Warehouse,FALSE,,OP_7,
576,SHIP_1,CONT_3,SENSOR_2,2025-12-20 12:32:00,7.17,44.5,25.30580,97.21539,Warehouse,FALSE,,OP_8,
577,SHIP_3,CONT_5,SENSOR_3,2025-12-19 12:37:00,6.44,33.7,82.86404,99.86134,Warehouse,FALSE,,OP_8,
578,SHIP_3,CONT_2,SENSOR_3,2025-12-19 12:42:00,6.29,45.3,-33.30698,121.41071,Warehouse,FALSE,,OP_1,
579,SHIP_2,CONT_3,SENSOR_3,2025-12-19 12:47:00,6.32,40.7,43.40611,105.67662,Warehouse,FALSE,,OP_9,
580,SHIP_3,CONT_3,SENSOR_3,2025-12-19 12:52:00,6.45,49.3,88.00369,-71.84569,Warehouse,FALSE,,OP_6,
581,SHIP_2,CONT_5,SENSOR_3,2025-12-19 12:57:00,10.45,38.5,-58.74086,38.87196,Warehouse,FALSE,,OP_3,
582,SHIP_3,CONT_3,SENSOR_3,2025-12-19 13:02:00,8.00,31.4,9.84595,-110.90253,Warehouse,FALSE,,OP_2,
583,SHIP_1,CONT_4,SENSOR_3,2025-12-19 13:07:00,7.72,38.3,-39.16324,39.20098,Warehouse,FALSE,,OP_3,
584,SHIP_3,CONT_1,SENSOR_3,2025-12-19 13:12:00,10.11,45.9,8.15940,-116.73370,Warehouse,FALSE,,OP_5,
585,SHIP_4,CONT_1,SENSOR_3,2025-12-19 13:17:00,8.00,34.5,-38.30699,64.51648,Warehouse,FALSE,,OP_10,
586,SHIP_5,CONT_2,SENSOR_3,2025-12-19 13:22:00,8.00,40.4,74.91868,25.78148,Warehouse,FALSE,,OP_9,
587,SHIP_5,CONT_3,SENSOR_3,2025-12-19 13:27:00,7.89,48.2,-14.37249,87.88033,Warehouse,FALSE,,OP_7,
588,SHIP_5,CONT_5,SENSOR_3,2025-12-19 13:32:00,7.80,34.8,58.34541,68.38386,Warehouse,FALSE,,OP_1,
589,SHIP_4,CONT_1,SENSOR_3,2025-12-19 13:37:00,7.89,35.6,15.65226,-84.38659,Warehouse,FALSE,,OP_10,
590,SHIP_4,CONT_2,SENSOR_3,2025-12-19 13:42:00,8.58,44.0,22.23822,-178.90601,Warehouse,FALSE,,OP_4,
591,SHIP_2,CONT_3,SENSOR_3,2025-12-19 13:47:00,8.00,35.9,-65.17292,85.33992,Warehouse,FALSE,,OP_2,
592,SHIP_4,CONT_4,SENSOR_3,2025-12-19 13:52:00,8.00,33.1,43.16209,16.25998,Warehouse,FALSE,,OP_9,
593,SHIP_1,CONT_3,SENSOR_3,2025-12-19 13:57:00,8.00,46.4,0.37394,-13.07919,Warehouse,FALSE,,OP_3,
594,SHIP_5,CONT_2,SENSOR_3,2025-12-19 14:02:00,7.68,39.9,33.43275,-136.81737,Warehouse,FALSE,,OP_1,
595,SHIP_4,CONT_5,SENSOR_3,2025-12-19 14:07:00,11.74,31.1,51.75501,38.88694,Warehouse,FALSE,,OP_6,
596,SHIP_2,CONT_3,SENSOR_3,2025-12-19 14:12:00,8.00,49.3,8.51178,-40.94086,Warehouse,FALSE,,OP_8,
597,SHIP_5,CONT_4,SENSOR_3,2025-12-19 14:17:00,7.92,41.4,5.53760,6.50475,Warehouse,FALSE,,OP_9,
598,SHIP_2,CONT_1,SENSOR_3,2025-12-19 14:22:00,8.00,44.9,-38.03439,-34.57643,Warehouse,FALSE,,OP_5,
599,SHIP_2,CONT_5,SENSOR_3,2025-12-19 14:27:00,8.00,30.0,80.29693,28.40487,Warehouse,FALSE,,OP_6,
600,SHIP_3,CONT_1,SENSOR_3,2025-12-19 14:32:00,7.95,39.0,-42.47412,174.86770,Warehouse,FALSE,,OP_3,
601,SHIP_3,CONT_5,SENSOR_3,2025-12-19 14:37:00,8.00,33.0,77.36864,154.44893,Warehouse,FALSE,,OP_2,
602,SHIP_4,CONT_3,SENSOR_3,2025-12-19 14:42:00,7.93,46.3,3.39748,-69.29025,Warehouse,FALSE,,OP_8,
603,SHIP_4,CONT_4,SENSOR_3,2025-12-19 14:47:00,7.99,31.6,8.78172,-37.26029,Warehouse,FALSE,,OP_9,
604,SHIP_1,CONT_3,SENSOR_3,2025-12-19 14:52:00,8.00,44.8,65.01583,84.44270,Warehouse,FALSE,,OP_3,
605,SHIP_3,CONT_1,SENSOR_3,2025-12-19 14:57:00,8.00,30.0,-47.86101,21.90214,Warehouse,FALSE,,OP_3,
606,SHIP_2,CONT_2,SENSOR_3,2025-12-19 15:02:00,8.00,45.4,-23.65726,55.90409,Warehouse,FALSE,,OP_3,
607,SHIP_2,CONT_4,SENSOR_3,2025-12-19 15:07:00,7.97,33.7,73.30822,-44.58874,Warehouse,FALSE,,OP_1,
608,SHIP_2,CONT_2,SENSOR_3,2025-12-19 15:12:00,8.00,32.4,89.11203,-81.74348,Warehouse,FALSE,,OP_6,
609,SHIP_2,CONT_2,SENSOR_3,2025-12-19 15:17:00,7.93,38.2,-30.52055,-26.04563,Warehouse,FALSE,,OP_10,
610,SHIP_5,CONT_1,SENSOR_3,2025-12-19 15:22:00,8.00,48.2,16.46803,-128.83261,Warehouse,FALSE,,OP_6,
611,SHIP_4,CONT_3,SENSOR_3,2025-12-19 15:27:00,8.00,46.8,25.69275,23.01383,Warehouse,FALSE,,OP_1,
612,SHIP_1,CONT_1,SENSOR_3,2025-12-19 15:32:00,7.84,37.9,48.49569,151.75031,Warehouse,FALSE,,OP_7,
613,SHIP_5,CONT_3,SENSOR_3,2025-12-19 15:37:00,7.56,45.7,38.88960,23.41300,Warehouse,FALSE,,OP_6,
614,SHIP_2,CONT_2,SENSOR_3,2025-12-19 15:42:00,7.83,40.6,75.17110,154.02240,Warehouse,FALSE,,OP_4,
615,SHIP_3,CONT_3,SENSOR_3,2025-12-19 15:47:00,8.00,30.2,-64.21102,-44.82210,Warehouse,FALSE,,OP_2,
616,SHIP_4,CONT_4,SENSOR_3,2025-12-19 15:52:00,8.00,39.7,-16.73558,53.17320,Warehouse,FALSE,,OP_4,
617,SHIP_4,CONT_5,SENSOR_3,2025-12-19 15:57:00,7.81,46.2,-27.68545,-131.89036,Warehouse,FALSE,,OP_10,
618,SHIP_3,CONT_1,SENSOR_3,2025-12-19 16:02:00,7.65,33.1,-39.62879,-73.00871,Warehouse,FALSE,,OP_4,
619,SHIP_1,CONT_4,SENSOR_3,2025-12-19 16:07:00,11.99,47.0,89.96489,-11.74778,Warehouse,FALSE,,OP_10,
620,SHIP_1,CONT_4,SENSOR_3,2025-12-19 16:12:00,8.00,46.3,8.92079,-155.14932,Warehouse,FALSE,,OP_7,
621,SHIP_1,CONT_1,SENSOR_3,2025-12-19 16:17:00,11.93,35.7,-68.12616,110.93130,Warehouse,FALSE,,OP_8,
622,SHIP_4,CONT_2,SENSOR_3,2025-12-19 16:22:00,8.00,35.0,-42.19769,92.91862,Warehouse,FALSE,,OP_9,
623,SHIP_2,CONT_5,SENSOR_3,2025-12-19 16:27:00,7.68,30.7,69.59777,12.08208,Warehouse,FALSE,,OP_2,
624,SHIP_3,CONT_4,SENSOR_3,2025-12-19 16:32:00,7.73,32.8,-15.42879,5.82111,Warehouse,FALSE,,OP_9,
625,SHIP_4,CONT_4,SENSOR_3,2025-12-19 16:37:00,7.84,33.4,0.37099,-106.22804,Warehouse,FALSE,,OP_5,
626,SHIP_2,CONT_2,SENSOR_3,2025-12-19 16:42:00,7.74,39.2,36.47802,-146.42354,Warehouse,FALSE,,OP_10,
627,SHIP_5,CONT_2,SENSOR_3,2025-12-19 16:47:00,7.35,39.4,-80.86687,140.61639,Warehouse,FALSE,,OP_1,
628,SHIP_3,CONT_5,SENSOR_3,2025-12-19 16:52:00,7.39,35.1,-73.42232,-32.70984,Warehouse,FALSE,,OP_6,
629,SHIP_1,CONT_5,SENSOR_3,2025-12-19 16:57:00,7.71,30.7,-45.98354,-48.46670,Warehouse,FALSE,,OP_10,
630,SHIP_5,CONT_5,SENSOR_3,2025-12-19 17:02:00,7.61,30.3,-42.56556,138.19833,Warehouse,FALSE,,OP_7,
631,SHIP_3,CONT_1,SENSOR_3,2025-12-19 17:07:00,8.00,39.4,-42.98156,-52.12562,Warehouse,FALSE,,OP_1,
632,SHIP_3,CONT_1,SENSOR_3,2025-12-19 17:12:00,8.00,41.9,27.09289,-93.27124,Warehouse,FALSE,,OP_5,
633,SHIP_5,CONT_5,SENSOR_3,2025-12-19 17:17:00,7.62,47.2,-72.68872,18.95531,Warehouse,FALSE,,OP_7,
634,SHIP_4,CONT_1,SENSOR_3,2025-12-19 17:22:00,7.56,40.8,88.75341,-1.33533,Warehouse,FALSE,,OP_8,
635,SHIP_5,CONT_3,SENSOR_3,2025-12-19 17:27:00,7.39,31.8,-73.28419,159.82835,Warehouse,FALSE,,OP_5,
636,SHIP_1,CONT_5,SENSOR_3,2025-12-19 17:32:00,7.60,37.5,35.36991,56.73028,Warehouse,FALSE,,OP_2,
637,SHIP_2,CONT_1,SENSOR_3,2025-12-19 17:37:00,7.73,31.7,-13.57124,58.52321,Warehouse,FALSE,,OP_8,
638,SHIP_5,CONT_4,SENSOR_3,2025-12-19 17:42:00,7.37,39.2,-1.49907,112.38464,Warehouse,FALSE,,OP_4,
639,SHIP_5,CONT_4,SENSOR_3,2025-12-19 17:47:00,7.51,31.0,-47.27512,-99.28868,Warehouse,FALSE,,OP_4,
640,SHIP_2,CONT_2,SENSOR_3,2025-12-19 17:52:00,7.45,35.0,-88.52056,53.43514,Warehouse,FALSE,,OP_4,
641,SHIP_4,CONT_2,SENSOR_3,2025-12-19 17:57:00,7.44,30.3,-69.12103,7.28254,Warehouse,FALSE,,OP_4,
642,SHIP_5,CONT_1,SENSOR_3,2025-12-19 18:02:00,7.29,41.1,-66.00366,-119.82554,Warehouse,FALSE,,OP_1,
643,SHIP_4,CONT_4,SENSOR_3,2025-12-19 18:07:00,7.08,45.6,5.23115,-153.71894,Warehouse,FALSE,,OP_4,
644,SHIP_5,CONT_2,SENSOR_3,2025-12-19 18:12:00,7.18,34.7,-41.65251,12.45836,Warehouse,FALSE,,OP_1,
645,SHIP_1,CONT_3,SENSOR_3,2025-12-19 18:17:00,7.38,43.6,-5.71455,3.29089,Warehouse,FALSE,,OP_10,
646,SHIP_5,CONT_5,SENSOR_3,2025-12-19 18:22:00,11.42,36.2,49.12954,-29.57885,Warehouse,FALSE,,OP_4,
647,SHIP_1,CONT_5,SENSOR_3,2025-12-19 18:27:00,8.00,35.1,37.27099,-151.34949,Warehouse,FALSE,,OP_3,
648,SHIP_3,CONT_4,SENSOR_3,2025-12-19 18:32:00,8.00,31.1,45.94972,-172.04045,Warehouse,FALSE,,OP_7,
649,SHIP_1,CONT_3,SENSOR_3,2025-12-19 18:37:00,8.00,30.8,54.93586,14.28559,Warehouse,FALSE,,OP_10,
650,SHIP_1,CONT_2,SENSOR_3,2025-12-19 18:42:00,7.76,48.6,13.86604,176.80881,Warehouse,FALSE,,OP_4,
651,SHIP_3,CONT_2,SENSOR_3,2025-12-19 18:47:00,7.99,41.3,46.06335,36.06854,Warehouse,FALSE,,OP_5,
652,SHIP_5,CONT_1,SENSOR_3,2025-12-19 18:52:00,8.00,40.7,-50.74637,-124.83831,Warehouse,FALSE,,OP_8,
653,SHIP_3,CONT_5,SENSOR_3,2025-12-19 18:57:00,7.78,45.6,1.89673,-162.23079,Warehouse,FALSE,,OP_2,
654,SHIP_5,CONT_4,SENSOR_3,2025-12-19 19:02:00,7.78,38.3,-24.00523,118.11269,Warehouse,FALSE,,OP_4,
655,SHIP_3,CONT_4,SENSOR_3,2025-12-19 19:07:00,7.93,33.3,81.48486,149.37321,Warehouse,FALSE,,OP_6,
656,SHIP_5,CONT_5,SENSOR_3,2025-12-19 19:12:00,8.00,48.1,-37.17114,173.87756,Warehouse,FALSE,,OP_8,
657,SHIP_4,CONT_3,SENSOR_3,2025-12-19 19:17:00,7.74,42.2,-77.75625,2.85071,Warehouse,FALSE,,OP_2,
658,SHIP_1,CONT_1,SENSOR_3,2025-12-19 19:22:00,7.84,31.9,27.40220,-78.39773,Warehouse,FALSE,,OP_4,
659,SHIP_3,CONT_1,SENSOR_3,2025-12-19 19:27:00,7.80,48.1,-23.75863,-112.52896,Warehouse,FALSE,,OP_10,
660,SHIP_5,CONT_4,SENSOR_3,2025-12-19 19:32:00,8.00,40.7,12.40749,-179.46091,Warehouse,FALSE,,OP_1,
661,SHIP_3,CONT_2,SENSOR_3,2025-12-19 19:37:00,8.00,40.0,-83.80517,20.24602,Warehouse,FALSE,,OP_8,
662,SHIP_5,CONT_1,SENSOR_3,2025-12-19 19:42:00,7.96,49.4,38.09955,-148.17194,Warehouse,FALSE,,OP_10,
663,SHIP_3,CONT_4,SENSOR_3,2025-12-19 19:47:00,7.70,36.9,50.27347,133.65309,Warehouse,FALSE,,OP_3,
664,SHIP_4,CONT_3,SENSOR_3,2025-12-19 19:52:00,8.00,33.9,80.46533,-95.37037,Warehouse,FALSE,,OP_4,
665,SHIP_5,CONT_1,SENSOR_3,2025-12-19 19:57:00,10.37,36.5,-88.56303,-32.52770,Warehouse,FALSE,,OP_2,
666,SHIP_3,CONT_2,SENSOR_3,2025-12-19 20:02:00,8.00,34.4,-27.61383,98.88558,Warehouse,FALSE,,OP_10,
667,SHIP_2,CONT_4,SENSOR_3,2025-12-19 20:07:00,7.90,40.3,76.88123,35.87890,Warehouse,FALSE,,OP_8,
668,SHIP_2,CONT_2,SENSOR_3,2025-12-19 20:12:00,7.63,30.3,-11.05286,127.81366,Warehouse,FALSE,,OP_7,
669,SHIP_4,CONT_3,SENSOR_3,2025-12-19 20:17:00,8.00,37.4,-39.12554,-60.42513,Warehouse,FALSE,,OP_10,
670,SHIP_2,CONT_1,SENSOR_3,2025-12-19 20:22:00,7.86,37.1,-72.27416,-62.01003,Warehouse,FALSE,,OP_1,
671,SHIP_2,CONT_3,SENSOR_3,2025-12-19 20:27:00,8.00,30.6,25.17823,-136.86558,Warehouse,FALSE,,OP_8,
672,SHIP_5,CONT_3,SENSOR_3,2025-12-19 20:32:00,7.69,36.7,2.70591,95.57078,Warehouse,FALSE,,OP_9,
673,SHIP_5,CONT_4,SENSOR_3,2025-12-19 20:37:00,7.79,45.3,20.37021,11.14306,Warehouse,FALSE,,OP_7,
674,SHIP_5,CONT_5,SENSOR_3,2025-12-19 20:42:00,7.86,44.8,-28.65262,-13.84970,Warehouse,FALSE,,OP_6,
675,SHIP_1,CONT_1,SENSOR_3,2025-12-19 20:47:00,7.90,39.5,-59.40302,-87.89668,Warehouse,FALSE,,OP_9,
676,SHIP_1,CONT_2,SENSOR_3,2025-12-19 20:52:00,8.00,33.1,-50.30818,-45.76841,Warehouse,FALSE,,OP_9,
677,SHIP_2,CONT_2,SENSOR_3,2025-12-19 20:57:00,7.92,34.0,-11.89180,-144.29994,Warehouse,FALSE,,OP_5,
678,SHIP_5,CONT_3,SENSOR_3,2025-12-19 21:02:00,7.89,37.1,-62.67135,8.06158,Warehouse,FALSE,,OP_10,
679,SHIP_2,CONT_5,SENSOR_3,2025-12-19 21:07:00,8.00,36.4,-66.32678,77.07930,Warehouse,FALSE,,OP_9,
680,SHIP_3,CONT_1,SENSOR_3,2025-12-19 21:12:00,8.00,31.2,27.27794,-115.49356,Warehouse,FALSE,,OP_6,
681,SHIP_1,CONT_2,SENSOR_3,2025-12-19 21:17:00,7.87,32.4,-70.42354,47.10978,Warehouse,FALSE,,OP_6,
682,SHIP_3,CONT_1,SENSOR_3,2025-12-19 21:22:00,7.86,45.7,73.39398,-98.05073,Warehouse,FALSE,,OP_3,
683,SHIP_1,CONT_5,SENSOR_3,2025-12-19 21:27:00,7.86,45.4,12.25715,143.95273,Warehouse,FALSE,,OP_3,
684,SHIP_2,CONT_2,SENSOR_3,2025-12-19 21:32:00,7.59,46.6,-85.77280,-24.36611,Warehouse,FALSE,,OP_4,
685,SHIP_3,CONT_2,SENSOR_3,2025-12-19 21:37:00,10.16,46.3,83.57329,-153.10876,Warehouse,FALSE,,OP_6,
686,SHIP_1,CONT_5,SENSOR_3,2025-12-19 21:42:00,8.00,35.9,-37.93752,-84.02245,Warehouse,FALSE,,OP_10,
687,SHIP_3,CONT_4,SENSOR_3,2025-12-19 21:47:00,8.00,37.5,29.79169,140.04117,Warehouse,FALSE,,OP_5,
688,SHIP_1,CONT_5,SENSOR_3,2025-12-19 21:52:00,8.00,31.9,-36.42621,-134.75606,Warehouse,FALSE,,OP_6,
689,SHIP_4,CONT_1,SENSOR_3,2025-12-19 21:57:00,10.55,41.0,-0.29759,-29.12035,Warehouse,FALSE,,OP_8,
690,SHIP_3,CONT_1,SENSOR_3,2025-12-19 22:02:00,8.00,35.8,-66.33555,7.61159,Warehouse,FALSE,,OP_2,
691,SHIP_1,CONT_1,SENSOR_3,2025-12-19 22:07:00,8.00,44.5,-51.74766,147.29315,Warehouse,FALSE,,OP_8,
692,SHIP_2,CONT_4,SENSOR_3,2025-12-19 22:12:00,11.16,38.0,-5.90782,90.60550,Warehouse,FALSE,,OP_5,
693,SHIP_4,CONT_2,SENSOR_3,2025-12-19 22:17:00,8.00,30.5,-68.37441,-59.93338,Warehouse,FALSE,,OP_1,
694,SHIP_3,CONT_5,SENSOR_3,2025-12-19 22:22:00,8.00,38.0,16.24685,-151.69863,Warehouse,FALSE,,OP_4,
695,SHIP_1,CONT_3,SENSOR_3,2025-12-19 22:27:00,8.00,42.3,-67.57652,-158.98513,Warehouse,FALSE,,OP_3,
696,SHIP_4,CONT_3,SENSOR_3,2025-12-19 22:32:00,7.96,42.1,-52.82323,-146.68969,Warehouse,FALSE,,OP_4,
697,SHIP_4,CONT_5,SENSOR_3,2025-12-19 22:37:00,7.76,42.0,-32.43761,165.67915,Warehouse,FALSE,,OP_8,
698,SHIP_3,CONT_1,SENSOR_3,2025-12-19 22:42:00,7.67,47.1,12.90755,159.92197,Warehouse,FALSE,,OP_1,
699,SHIP_1,CONT_4,SENSOR_3,2025-12-19 22:47:00,7.84,33.5,-27.98009,-11.60235,Warehouse,FALSE,,OP_2,
700,SHIP_1,CONT_5,SENSOR_3,2025-12-19 22:52:00,7.50,38.3,64.81967,-67.28681,Warehouse,FALSE,,OP_7,
701,SHIP_4,CONT_4,SENSOR_3,2025-12-19 22:57:00,7.37,41.5,-35.42592,-161.92254,Warehouse,FALSE,,OP_3,
702,SHIP_3,CONT_5,SENSOR_3,2025-12-19 23:02:00,8.75,41.7,-63.61411,-39.91832,Warehouse,FALSE,,OP_5,
703,SHIP_4,CONT_1,SENSOR_3,2025-12-19 23:07:00,8.00,32.0,38.22845,-142.35022,Warehouse,FALSE,,OP_1,
704,SHIP_1,CONT_4,SENSOR_3,2025-12-19 23:12:00,7.97,46.5,20.09214,-27.45909,Warehouse,FALSE,,OP_9,
705,SHIP_3,CONT_1,SENSOR_3,2025-12-19 23:17:00,7.96,32.9,-40.41518,152.31097,Warehouse,FALSE,,OP_2,
706,SHIP_3,CONT_3,SENSOR_3,2025-12-19 23:22:00,8.00,30.1,-22.24870,54.53588,Warehouse,FALSE,,OP_5,
707,SHIP_2,CONT_1,SENSOR_3,2025-12-19 23:27:00,8.00,42.1,-24.27281,-9.50881,Warehouse,FALSE,,OP_5,
708,SHIP_2,CONT_4,SENSOR_3,2025-12-19 23:32:00,8.00,30.9,-37.09134,-69.46588,Warehouse,FALSE,,OP_4,
709,SHIP_2,CONT_2,SENSOR_3,2025-12-19 23:37:00,8.00,47.7,-89.76870,-37.22934,Warehouse,FALSE,,OP_5,
710,SHIP_2,CONT_5,SENSOR_3,2025-12-19 23:42:00,7.85,31.5,-54.19160,-63.17596,Warehouse,FALSE,,OP_1,
711,SHIP_2,CONT_1,SENSOR_3,2025-12-19 23:47:00,8.00,40.9,-74.40029,-40.29910,Warehouse,FALSE,,OP_1,
712,SHIP_3,CONT_5,SENSOR_3,2025-12-19 23:52:00,8.00,41.8,67.06693,98.33168,Warehouse,FALSE,,OP_6,
713,SHIP_4,CONT_2,SENSOR_3,2025-12-19 23:57:00,7.76,35.8,3.91376,-110.89258,Warehouse,FALSE,,OP_9,
714,SHIP_2,CONT_5,SENSOR_3,2025-12-20 00:02:00,7.85,45.6,13.15138,-109.14613,Warehouse,FALSE,,OP_7,
715,SHIP_1,CONT_2,SENSOR_3,2025-12-20 00:07:00,8.00,46.9,-36.64282,65.22554,Warehouse,FALSE,,OP_10,
716,SHIP_2,CONT_5,SENSOR_3,2025-12-20 00:12:00,8.00,36.8,27.01120,168.33663,Warehouse,FALSE,,OP_10,
717,SHIP_2,CONT_4,SENSOR_3,2025-12-20 00:17:00,7.77,39.1,-63.21104,0.89348,Warehouse,FALSE,,OP_8,
718,SHIP_5,CONT_5,SENSOR_3,2025-12-20 00:22:00,7.71,37.1,50.05254,-132.05386,Warehouse,FALSE,,OP_3,
719,SHIP_4,CONT_4,SENSOR_3,2025-12-20 00:27:00,7.46,39.5,11.62814,-52.94946,Warehouse,FALSE,,OP_1,
720,SHIP_5,CONT_4,SENSOR_3,2025-12-20 00:32:00,7.63,33.4,-12.65767,-152.85617,Warehouse,FALSE,,OP_5,
721,SHIP_3,CONT_2,SENSOR_3,2025-12-20 00:37:00,7.36,49.7,16.89025,93.89829,Warehouse,FALSE,,OP_9,
722,SHIP_1,CONT_4,SENSOR_3,2025-12-20 00:42:00,6.88,49.1,-23.80869,-73.41336,Warehouse,FALSE,,OP_3,
723,SHIP_3,CONT_3,SENSOR_3,2025-12-20 00:47:00,6.51,49.1,-43.97873,45.66109,Warehouse,FALSE,,OP_5,
724,SHIP_1,CONT_2,SENSOR_3,2025-12-20 00:52:00,6.55,39.4,0.02433,-138.04440,Warehouse,FALSE,,OP_8,
725,SHIP_3,CONT_1,SENSOR_3,2025-12-20 00:57:00,11.71,34.5,-67.79662,87.86319,Warehouse,FALSE,,OP_6,
726,SHIP_2,CONT_5,SENSOR_3,2025-12-20 01:02:00,8.00,36.0,54.92907,-173.60862,Warehouse,FALSE,,OP_7,
727,SHIP_2,CONT_5,SENSOR_3,2025-12-20 01:07:00,8.00,34.5,-43.23773,-156.84962,Warehouse,FALSE,,OP_4,
728,SHIP_4,CONT_5,SENSOR_3,2025-12-20 01:12:00,11.66,45.6,-74.74275,22.13306,Warehouse,FALSE,,OP_2,
729,SHIP_5,CONT_1,SENSOR_3,2025-12-20 01:17:00,8.00,40.1,53.23034,-52.50536,Warehouse,FALSE,,OP_6,
730,SHIP_5,CONT_3,SENSOR_3,2025-12-20 01:22:00,7.72,42.7,52.93366,22.00385,Warehouse,FALSE,,OP_1,
731,SHIP_2,CONT_3,SENSOR_3,2025-12-20 01:27:00,7.73,46.6,12.17601,-178.18087,Warehouse,FALSE,,OP_7,
732,SHIP_3,CONT_5,SENSOR_3,2025-12-20 01:32:00,8.00,42.2,-48.88087,14.83391,Warehouse,FALSE,,OP_9,
733,SHIP_1,CONT_2,SENSOR_3,2025-12-20 01:37:00,8.00,40.3,66.26504,92.63810,Warehouse,FALSE,,OP_5,
734,SHIP_3,CONT_2,SENSOR_3,2025-12-20 01:42:00,8.00,30.8,-29.72954,-27.00532,Warehouse,FALSE,,OP_3,
735,SHIP_3,CONT_2,SENSOR_3,2025-12-20 01:47:00,8.00,47.8,62.54873,-31.13315,Warehouse,FALSE,,OP_3,
736,SHIP_2,CONT_5,SENSOR_3,2025-12-20 01:52:00,7.90,42.9,-33.45816,54.18651,Warehouse,FALSE,,OP_3,
737,SHIP_5,CONT_3,SENSOR_3,2025-12-20 01:57:00,7.86,37.8,-44.82979,133.95110,Warehouse,FALSE,,OP_3,
738,SHIP_1,CONT_2,SENSOR_3,2025-12-20 02:02:00,7.79,46.1,-17.45443,123.37438,Warehouse,FALSE,,OP_1,
739,SHIP_3,CONT_4,SENSOR_3,2025-12-20 02:07:00,7.70,37.5,-0.58877,-100.55167,Warehouse,FALSE,,OP_9,
740,SHIP_5,CONT_3,SENSOR_3,2025-12-20 02:12:00,7.79,40.0,-31.63115,-10.10467,Warehouse,FALSE,,OP_7,
741,SHIP_2,CONT_2,SENSOR_3,2025-12-20 02:17:00,7.34,39.2,63.01361,106.88997,Warehouse,FALSE,,OP_1,
742,SHIP_4,CONT_1,SENSOR_3,2025-12-20 02:22:00,7.60,37.7,33.15781,-105.90117,Warehouse,FALSE,,OP_3,
743,SHIP_5,CONT_3,SENSOR_3,2025-12-20 02:27:00,10.07,45.7,-1.57610,75.39507,Warehouse,FALSE,,OP_8,
744,SHIP_3,CONT_4,SENSOR_3,2025-12-20 02:32:00,8.00,35.9,20.22615,-171.93836,Warehouse,FALSE,,OP_6,
745,SHIP_4,CONT_4,SENSOR_3,2025-12-20 02:37:00,7.77,36.5,-38.38152,-103.24532,Warehouse,FALSE,,OP_1,
746,SHIP_5,CONT_2,SENSOR_3,2025-12-20 02:42:00,7.64,33.3,-89.52044,-34.12048,Warehouse,FALSE,,OP_5,
747,SHIP_1,CONT_3,SENSOR_3,2025-12-20 02:47:00,7.28,34.6,25.41242,-152.74103,Warehouse,FALSE,,OP_9,
748,SHIP_3,CONT_1,SENSOR_3,2025-12-20 02:52:00,7.13,45.5,-14.34233,21.75716,Warehouse,FALSE,,OP_4,
749,SHIP_1,CONT_3,SENSOR_3,2025-12-20 02:57:00,7.15,32.1,-40.53215,-100.11468,Warehouse,FALSE,,OP_6,
750,SHIP_1,CONT_4,SENSOR_3,2025-12-20 03:02:00,6.93,39.3,-6.86160,-131.48377,Warehouse,FALSE,,OP_8,
751,SHIP_4,CONT_4,SENSOR_3,2025-12-20 03:07:00,6.88,46.9,-6.33224,14.54145,Warehouse,FALSE,,OP_1,
752,SHIP_2,CONT_3,SENSOR_3,2025-12-20 03:12:00,6.79,35.8,76.91751,7.53508,Warehouse,FALSE,,OP_10,
753,SHIP_4,CONT_2,SENSOR_3,2025-12-20 03:17:00,6.74,37.6,32.95887,130.02894,Warehouse,FALSE,,OP_4,
754,SHIP_2,CONT_4,SENSOR_3,2025-12-20 03:22:00,6.62,37.3,60.29348,-155.87318,Warehouse,FALSE,,OP_10,
755,SHIP_2,CONT_5,SENSOR_3,2025-12-20 03:27:00,6.74,45.1,-38.82170,155.81932,Warehouse,FALSE,,OP_5,
756,SHIP_2,CONT_2,SENSOR_3,2025-12-20 03:32:00,6.41,31.2,53.59811,168.02326,Warehouse,FALSE,,OP_9,
757,SHIP_2,CONT_3,SENSOR_3,2025-12-20 03:37:00,6.46,36.0,15.16492,-133.02098,Warehouse,FALSE,,OP_8,
758,SHIP_5,CONT_5,SENSOR_3,2025-12-20 03:42:00,6.64,47.2,0.02144,-179.36329,Warehouse,FALSE,,OP_10,
759,SHIP_4,CONT_4,SENSOR_3,2025-12-20 03:47:00,6.54,48.5,-87.83912,-132.33311,Warehouse,FALSE,,OP_3,
760,SHIP_1,CONT_1,SENSOR_3,2025-12-20 03:52:00,6.60,44.2,-10.48824,22.38159,Warehouse,FALSE,,OP_5,
761,SHIP_2,CONT_2,SENSOR_3,2025-12-20 03:57:00,6.61,33.3,18.86199,-47.90592,Warehouse,FALSE,,OP_3,
762,SHIP_4,CONT_5,SENSOR_3,2025-12-20 04:02:00,6.86,42.5,-69.98863,-79.89385,Warehouse,FALSE,,OP_4,
763,SHIP_4,CONT_4,SENSOR_3,2025-12-20 04:07:00,6.86,32.7,77.76138,14.73262,Warehouse,FALSE,,OP_8,
764,SHIP_1,CONT_1,SENSOR_3,2025-12-20 04:12:00,10.91,49.2,-1.24372,-1.11808,Warehouse,FALSE,,OP_6,
765,SHIP_3,CONT_5,SENSOR_3,2025-12-20 04:17:00,8.00,46.5,16.48388,146.50073,Warehouse,FALSE,,OP_3,
766,SHIP_5,CONT_1,SENSOR_3,2025-12-20 04:22:00,10.88,41.4,-4.30104,-167.41449,Warehouse,FALSE,,OP_10,
767,SHIP_4,CONT_3,SENSOR_3,2025-12-20 04:27:00,8.00,45.6,1.52536,23.70921,Warehouse,FALSE,,OP_5,
768,SHIP_1,CONT_5,SENSOR_3,2025-12-20 04:32:00,8.00,31.6,-70.26964,40.12950,Warehouse,FALSE,,OP_6,
769,SHIP_2,CONT_1,SENSOR_3,2025-12-20 04:37:00,8.00,36.6,-80.44639,126.74881,Warehouse,FALSE,,OP_3,
770,SHIP_1,CONT_5,SENSOR_3,2025-12-20 04:42:00,8.00,40.1,49.09616,163.91943,Warehouse,FALSE,,OP_9,
771,SHIP_5,CONT_2,SENSOR_3,2025-12-20 04:47:00,8.00,41.7,-23.93574,72.27038,Warehouse,FALSE,,OP_5,
772,SHIP_2,CONT_4,SENSOR_3,2025-12-20 04:52:00,8.00,40.6,81.86633,-156.98055,Warehouse,FALSE,,OP_7,
773,SHIP_5,CONT_3,SENSOR_3,2025-12-20 04:57:00,7.94,31.5,-1.52172,121.58032,Warehouse,FALSE,,OP_6,
774,SHIP_4,CONT_1,SENSOR_3,2025-12-20 05:02:00,8.00,32.8,59.93113,-61.95329,Warehouse,FALSE,,OP_6,
775,SHIP_5,CONT_5,SENSOR_3,2025-12-20 05:07:00,7.92,33.6,17.51092,80.65550,Warehouse,FALSE,,OP_5,
776,SHIP_5,CONT_2,SENSOR_3,2025-12-20 05:12:00,8.00,33.4,36.90601,166.04272,Warehouse,FALSE,,OP_10,
777,SHIP_4,CONT_5,SENSOR_3,2025-12-20 05:17:00,7.80,37.2,83.48958,112.33430,Warehouse,FALSE,,OP_7,
778,SHIP_5,CONT_1,SENSOR_3,2025-12-20 05:22:00,8.00,36.9,-67.76378,145.25669,Warehouse,FALSE,,OP_4,
779,SHIP_1,CONT_1,SENSOR_3,2025-12-20 05:27:00,7.98,35.6,63.97695,104.90982,Warehouse,FALSE,,OP_8,
780,SHIP_3,CONT_2,SENSOR_3,2025-12-20 05:32:00,7.86,36.5,27.53002,-50.30488,Warehouse,FALSE,,OP_7,
781,SHIP_1,CONT_1,SENSOR_3,2025-12-20 05:37:00,7.97,41.8,-68.83220,-141.39788,Warehouse,FALSE,,OP_1,
782,SHIP_1,CONT_5,SENSOR_3,2025-12-20 05:42:00,7.92,46.8,34.15747,-71.19326,Warehouse,FALSE,,OP_3,
783,SHIP_2,CONT_4,SENSOR_3,2025-12-20 05:47:00,8.00,40.8,30.70030,89.10817,Warehouse,FALSE,,OP_1,
784,SHIP_2,CONT_1,SENSOR_3,2025-12-20 05:52:00,7.82,41.5,45.54660,179.48984,Warehouse,FALSE,,OP_3,
785,SHIP_2,CONT_1,SENSOR_3,2025-12-20 05:57:00,7.64,41.7,-81.27505,-72.88550,Warehouse,FALSE,,OP_4,
786,SHIP_3,CONT_3,SENSOR_3,2025-12-20 06:02:00,7.54,30.4,15.14396,130.84593,Warehouse,FALSE,,OP_10,
787,SHIP_3,CONT_2,SENSOR_3,2025-12-20 06:07:00,8.96,40.0,-78.55601,11.08814,Warehouse,FALSE,,OP_10,
788,SHIP_2,CONT_3,SENSOR_3,2025-12-20 06:12:00,8.00,32.2,85.67460,-110.78417,Warehouse,FALSE,,OP_10,
789,SHIP_3,CONT_4,SENSOR_3,2025-12-20 06:17:00,7.86,31.1,-36.43370,-15.87289,Warehouse,FALSE,,OP_3,
790,SHIP_3,CONT_1,SENSOR_3,2025-12-20 06:22:00,7.85,31.9,-43.02395,-102.94782,Warehouse,FALSE,,OP_4,
791,SHIP_4,CONT_1,SENSOR_3,2025-12-20 06:27:00,7.85,48.9,-54.74756,-103.95041,Warehouse,FALSE,,OP_10,
792,SHIP_5,CONT_5,SENSOR_3,2025-12-20 06:32:00,7.87,47.9,-14.45826,122.29337,Warehouse,FALSE,,OP_1,
793,SHIP_4,CONT_2,SENSOR_3,2025-12-20 06:37:00,7.60,45.5,85.71517,159.97630,Warehouse,FALSE,,OP_5,
794,SHIP_3,CONT_5,SENSOR_3,2025-12-20 06:42:00,7.63,35.5,61.68333,-148.74165,Warehouse,FALSE,,OP_8,
795,SHIP_3,CONT_3,SENSOR_3,2025-12-20 06:47:00,7.58,36.8,14.32654,-159.03655,Warehouse,FALSE,,OP_4,
796,SHIP_4,CONT_2,SENSOR_3,2025-12-20 06:52:00,7.58,46.1,26.15216,78.56086,Warehouse,FALSE,,OP_6,
797,SHIP_3,CONT_3,SENSOR_3,2025-12-20 06:57:00,7.56,31.6,26.36097,50.12007,Warehouse,FALSE,,OP_9,
798,SHIP_5,CONT_3,SENSOR_3,2025-12-20 07:02:00,7.65,34.3,13.26160,-64.83002,Warehouse,FALSE,,OP_2,
799,SHIP_5,CONT_2,SENSOR_3,2025-12-20 07:07:00,7.79,42.5,-7.13345,16.92004,Warehouse,FALSE,,OP_7,
800,SHIP_4,CONT_3,SENSOR_3,2025-12-20 07:12:00,7.76,39.6,78.74090,131.88725,Warehouse,FALSE,,OP_2,
801,SHIP_1,CONT_4,SENSOR_3,2025-12-20 07:17:00,7.65,45.4,-43.43714,-8.57444,Warehouse,FALSE,,OP_7,
802,SHIP_4,CONT_4,SENSOR_3,2025-12-20 07:22:00,10.46,40.7,-26.51462,127.09775,Warehouse,FALSE,,OP_9,
803,SHIP_2,CONT_4,SENSOR_3,2025-12-20 07:27:00,8.00,32.6,40.65219,-174.13161,Warehouse,FALSE,,OP_1,
804,SHIP_2,CONT_5,SENSOR_3,2025-12-20 07:32:00,7.66,31.3,-69.77607,-69.06755,Warehouse,FALSE,,OP_9,
805,SHIP_5,CONT_3,SENSOR_3,2025-12-20 07:37:00,7.68,37.4,-6.61401,-179.96971,Warehouse,FALSE,,OP_8,
806,SHIP_3,CONT_3,SENSOR_3,2025-12-20 07:42:00,7.91,48.1,34.94727,-84.14604,Warehouse,FALSE,,OP_5,
807,SHIP_3,CONT_5,SENSOR_3,2025-12-20 07:47:00,7.58,36.6,54.34163,167.66676,Warehouse,FALSE,,OP_6,
808,SHIP_4,CONT_1,SENSOR_3,2025-12-20 07:52:00,7.48,36.6,-53.70369,-91.69328,Warehouse,FALSE,,OP_9,
809,SHIP_4,CONT_2,SENSOR_3,2025-12-20 07:57:00,7.64,35.8,64.44049,-179.14598,Warehouse,FALSE,,OP_1,
810,SHIP_3,CONT_5,SENSOR_3,2025-12-20 08:02:00,7.54,32.9,-59.93647,148.15713,Warehouse,FALSE,,OP_9,
811,SHIP_3,CONT_1,SENSOR_3,2025-12-20 08:07:00,7.46,49.4,60.36752,116.87483,Warehouse,FALSE,,OP_4,
812,SHIP_2,CONT_5,SENSOR_3,2025-12-20 08:12:00,7.19,35.7,69.56595,-160.40620,Warehouse,FALSE,,OP_4,
813,SHIP_2,CONT_4,SENSOR_3,2025-12-20 08:17:00,6.87,35.2,-24.29082,80.58687,Warehouse,FALSE,,OP_5,
814,SHIP_2,CONT_2,SENSOR_3,2025-12-20 08:22:00,6.82,48.2,-39.92446,-50.89634,Warehouse,FALSE,,OP_7,
815,SHIP_1,CONT_1,SENSOR_3,2025-12-20 08:27:00,9.90,43.9,-72.13969,3.24048,Warehouse,FALSE,,OP_10,
816,SHIP_3,CONT_4,SENSOR_3,2025-12-20 08:32:00,8.00,45.1,43.86079,137.11118,Warehouse,FALSE,,OP_5,
817,SHIP_3,CONT_1,SENSOR_3,2025-12-20 08:37:00,8.00,45.8,-43.57255,110.93193,Warehouse,FALSE,,OP_4,
818,SHIP_5,CONT_3,SENSOR_3,2025-12-20 08:42:00,8.00,48.9,-66.17606,-103.49223,Warehouse,FALSE,,OP_1,
819,SHIP_4,CONT_3,SENSOR_3,2025-12-20 08:47:00,7.77,48.8,36.32897,-12.48297,Warehouse,FALSE,,OP_4,
820,SHIP_4,CONT_5,SENSOR_3,2025-12-20 08:52:00,7.71,36.8,-13.22820,39.97382,Warehouse,FALSE,,OP_2,
821,SHIP_5,CONT_3,SENSOR_3,2025-12-20 08:57:00,7.97,40.6,-24.95408,-19.10541,Warehouse,FALSE,,OP_2,
822,SHIP_2,CONT_1,SENSOR_3,2025-12-20 09:02:00,8.00,40.3,-76.82863,-58.17202,Warehouse,FALSE,,OP_8,
823,SHIP_2,CONT_1,SENSOR_3,2025-12-20 09:07:00,8.00,42.6,80.88924,-42.56959,Warehouse,FALSE,,OP_5,
824,SHIP_4,CONT_5,SENSOR_3,2025-12-20 09:12:00,7.84,45.7,20.06644,36.62123,Warehouse,FALSE,,OP_8,
825,SHIP_2,CONT_4,SENSOR_3,2025-12-20 09:17:00,7.83,47.9,-27.05130,110.78633,Warehouse,FALSE,,OP_7,
826,SHIP_2,CONT_2,SENSOR_3,2025-12-20 09:22:00,7.76,31.1,20.91736,86.71276,Warehouse,FALSE,,OP_4,
827,SHIP_2,CONT_5,SENSOR_3,2025-12-20 09:27:00,7.64,37.2,-45.61394,-148.92039,Warehouse,FALSE,,OP_8,
828,SHIP_4,CONT_5,SENSOR_3,2025-12-20 09:32:00,7.53,46.8,-7.31596,-149.84081,Warehouse,FALSE,,OP_7,
829,SHIP_3,CONT_2,SENSOR_3,2025-12-20 09:37:00,7.27,37.7,57.77662,-70.20199,Warehouse,FALSE,,OP_7,
830,SHIP_1,CONT_3,SENSOR_3,2025-12-20 09:42:00,7.25,43.4,51.84166,143.81389,Warehouse,FALSE,,OP_10,
831,SHIP_3,CONT_1,SENSOR_3,2025-12-20 09:47:00,7.49,30.1,45.88843,29.12764,Warehouse,FALSE,,OP_7,
832,SHIP_4,CONT_4,SENSOR_3,2025-12-20 09:52:00,7.42,46.7,72.37499,-128.49001,Warehouse,FALSE,,OP_10,
833,SHIP_3,CONT_3,SENSOR_3,2025-12-20 09:57:00,7.53,39.4,47.98985,162.15877,Warehouse,FALSE,,OP_8,
834,SHIP_3,CONT_4,SENSOR_3,2025-12-20 10:02:00,7.54,33.6,16.36581,-10.21560,Warehouse,FALSE,,OP_3,
835,SHIP_4,CONT_5,SENSOR_3,2025-12-20 10:07:00,7.77,48.3,25.53508,-45.03452,Warehouse,FALSE,,OP_8,
836,SHIP_1,CONT_4,SENSOR_3,2025-12-20 10:12:00,7.78,39.3,12.94096,-79.02438,Warehouse,FALSE,,OP_8,
837,SHIP_1,CONT_3,SENSOR_3,2025-12-20 10:17:00,7.61,36.1,-66.47203,-67.91563,Warehouse,FALSE,,OP_6,
838,SHIP_5,CONT_4,SENSOR_3,2025-12-20 10:22:00,7.70,34.0,-20.40418,-147.17869,Warehouse,FALSE,,OP_7,
839,SHIP_2,CONT_1,SENSOR_3,2025-12-20 10:27:00,7.92,48.8,10.92847,-61.76618,Warehouse,FALSE,,OP_7,
840,SHIP_2,CONT_5,SENSOR_3,2025-12-20 10:32:00,8.00,46.0,64.76742,-31.17797,Warehouse,FALSE,,OP_3,
841,SHIP_4,CONT_2,SENSOR_3,2025-12-20 10:37:00,7.91,46.5,-22.83962,97.32664,Warehouse,FALSE,,OP_7,
842,SHIP_1,CONT_4,SENSOR_3,2025-12-20 10:42:00,7.78,42.8,-15.62002,-10.84655,Warehouse,FALSE,,OP_6,
843,SHIP_3,CONT_2,SENSOR_3,2025-12-20 10:47:00,7.67,39.3,49.92512,121.51257,Warehouse,FALSE,,OP_5,
844,SHIP_1,CONT_3,SENSOR_3,2025-12-20 10:52:00,7.79,49.2,-25.03561,-58.11254,Warehouse,FALSE,,OP_7,
845,SHIP_1,CONT_1,SENSOR_3,2025-12-20 10:57:00,8.00,40.2,-22.62037,-147.18705,Warehouse,FALSE,,OP_10,
846,SHIP_1,CONT_3,SENSOR_3,2025-12-20 11:02:00,7.86,33.8,38.92162,-77.59840,Warehouse,FALSE,,OP_8,
847,SHIP_3,CONT_2,SENSOR_3,2025-12-20 11:07:00,8.00,30.7,-79.25675,-26.88576,Warehouse,FALSE,,OP_7,
848,SHIP_2,CONT_2,SENSOR_3,2025-12-20 11:12:00,8.00,35.0,-28.09854,-93.57000,Warehouse,FALSE,,OP_4,
849,SHIP_5,CONT_1,SENSOR_3,2025-12-20 11:17:00,8.00,39.0,-67.36191,-143.11410,Warehouse,FALSE,,OP_6,
850,SHIP_2,CONT_5,SENSOR_3,2025-12-20 11:22:00,8.00,32.1,71.88663,70.35829,Warehouse,FALSE,,OP_9,
851,SHIP_3,CONT_3,SENSOR_3,2025-12-20 11:27:00,7.89,33.1,-17.34828,93.39923,Warehouse,FALSE,,OP_6,
852,SHIP_2,CONT_4,SENSOR_3,2025-12-20 11:32:00,7.93,44.4,79.36123,133.62225,Warehouse,FALSE,,OP_3,
853,SHIP_5,CONT_1,SENSOR_3,2025-12-20 11:37:00,7.99,42.9,27.70508,66.88278,Warehouse,FALSE,,OP_6,
854,SHIP_5,CONT_1,SENSOR_3,2025-12-20 11:42:00,7.68,47.0,-26.45714,79.10781,Warehouse,FALSE,,OP_7,
855,SHIP_4,CONT_1,SENSOR_3,2025-12-20 11:47:00,7.84,36.9,-85.64148,-43.08503,Warehouse,FALSE,,OP_1,
856,SHIP_2,CONT_1,SENSOR_3,2025-12-20 11:52:00,7.61,40.6,-86.10576,-102.91472,Warehouse,FALSE,,OP_6,
857,SHIP_4,CONT_1,SENSOR_3,2025-12-20 11:57:00,7.68,36.7,-40.37342,141.46458,Warehouse,FALSE,,OP_7,
858,SHIP_5,CONT_3,SENSOR_3,2025-12-20 12:02:00,7.94,41.1,7.06906,-21.35137,Warehouse,FALSE,,OP_3,
859,SHIP_3,CONT_3,SENSOR_3,2025-12-20 12:07:00,8.00,30.5,44.78694,-12.38641,Warehouse,FALSE,,OP_2,
860,SHIP_1,CONT_4,SENSOR_3,2025-12-20 12:12:00,8.00,49.6,32.21480,141.24767,Warehouse,FALSE,,OP_2,
861,SHIP_5,CONT_2,SENSOR_3,2025-12-20 12:17:00,7.62,32.5,-25.40946,-111.21569,Warehouse,FALSE,,OP_10,
862,SHIP_1,CONT_3,SENSOR_3,2025-12-20 12:22:00,7.55,48.5,-15.37036,162.93904,Warehouse,FALSE,,OP_10,
863,SHIP_4,CONT_4,SENSOR_3,2025-12-20 12:27:00,7.32,35.6,-26.88135,125.26448,Warehouse,FALSE,,OP_4,
864,SHIP_3,CONT_1,SENSOR_3,2025-12-20 12:32:00,7.25,34.4,24.59378,133.31159,Warehouse,FALSE,,OP_2,
